,Src,Dst,Weight
0,5740,5842,0
1,5877,5884,1
2,5885,5886,1
3,5868,5887,1
4,5820,5888,0
5,5748,5889,0
6,5890,5828,1
7,5800,5865,0
8,5891,5816,0
9,5833,5855,0
10,5860,5892,0
11,5866,5893,0
12,5802,5830,1
13,5826,5894,1
14,5841,5895,0
15,5896,5853,1
16,5849,5792,0
17,5897,5875,0
18,5881,5898,0
19,5832,5856,0
20,5819,5741,1
21,5862,5872,0
22,5827,5864,0
23,5861,5899,0
24,5900,5878,0
25,5880,5901,0
26,5876,5902,0
27,5836,5874,0
28,5903,5804,1
29,5848,5639,1
30,5904,5801,1
31,5736,5905,1
32,5906,5907,0
33,5846,5873,0
34,5796,5908,1
35,5909,5910,0
36,5867,5723,1
37,5911,5912,1
38,5759,5913,1
39,5831,5914,0
40,5869,5843,1
41,5915,5916,0
42,5789,5786,0
43,5859,5882,1
44,5839,5794,0
45,5818,5917,1
46,5879,5838,0
47,5840,5918,0
48,5790,5919,0
49,5757,5852,0
50,5909,5885,0
51,5872,5820,0
52,5852,5878,0
53,5639,5859,0
54,5919,5890,1
55,5757,5736,0
56,5898,5839,1
57,5792,5908,1
58,5789,5846,0
59,5914,5868,0
60,5796,5897,1
61,5832,5910,0
62,5915,5759,0
63,5741,5833,0
64,5826,5889,0
65,5856,5865,1
66,5899,5801,1
67,5723,5800,1
68,5891,5867,0
69,5828,5882,1
70,5853,5748,1
71,5790,5819,0
72,5836,5869,0
73,5864,5794,1
74,5894,5913,0
75,5804,5874,0
76,5887,5912,0
77,5866,5848,0
78,5840,5907,0
79,5906,5911,0
80,5902,5860,1
81,5873,5861,1
82,5849,5916,0
83,5888,5876,1
84,5875,5855,0
85,5901,5786,1
86,5903,5918,1
87,5841,5827,0
88,5838,5802,0
89,5884,5830,0
90,5816,5881,1
91,5879,5880,0
92,5895,5843,1
93,5818,5900,1
94,5740,5862,1
95,5917,5905,0
96,5842,5886,0
97,5904,5893,1
98,5896,5831,1
99,5877,5892,1
100,5895,5881,1
101,5792,5790,1
102,5861,5836,0
103,5890,5908,1
104,5818,5859,1
105,5878,5885,1
106,5876,5759,0
107,5918,5816,0
108,5874,5913,1
109,5869,5846,1
110,5839,5884,0
111,5887,5856,0
112,5843,5862,0
113,5796,5889,0
114,5864,5867,1
115,5831,5886,1
116,5827,5901,0
117,5830,5897,1
118,5842,5789,1
119,5820,5757,1
120,5855,5873,1
121,5786,5723,1
122,5741,5639,1
123,5832,5903,0
124,5819,5736,1
125,5801,5852,0
126,5865,5902,0
127,5909,5900,0
128,5899,5898,1
129,5911,5740,1
130,5904,5891,1
131,5877,5828,1
132,5853,5914,0
133,5838,5860,1
134,5868,5802,1
135,5907,5896,0
136,5919,5915,1
137,5804,5912,0
138,5875,5916,0
139,5833,5917,0
140,5880,5840,1
141,5872,5826,1
142,5894,5849,1
143,5841,5892,0
144,5794,5800,1
145,5848,5888,0
146,5893,5906,1
147,5879,5905,0
148,5910,5748,1
149,5866,5882,0
150,5840,5906,0
151,5831,5802,0
152,5864,5912,1
153,5891,5887,0
154,5789,5741,0
155,5917,5872,1
156,5913,5919,0
157,5790,5852,0
158,5880,5904,0
159,5828,5865,1
160,5843,5848,0
161,5818,5800,1
162,5860,5888,0
163,5819,5855,1
164,5759,5757,1
165,5893,5862,1
166,5898,5841,1
167,5740,5826,1
168,5849,5868,0
169,5830,5839,1
170,5903,5804,1
171,5907,5899,0
172,5902,5820,1
173,5861,5833,1
174,5908,5723,1
175,5816,5897,1
176,5856,5892,1
177,5895,5859,1
178,5846,5801,1
179,5873,5877,0
180,5842,5881,0
181,5832,5911,0
182,5853,5889,0
183,5736,5910,1
184,5878,5867,0
185,5905,5884,1
186,5796,5900,1
187,5916,5866,1
188,5901,5894,1
189,5886,5639,1
190,5836,5874,0
191,5792,5748,1
192,5909,5876,0
193,5838,5882,1
194,5890,5827,1
195,5875,5869,0
196,5794,5786,0
197,5896,5915,1
198,5879,5918,1
199,5885,5914,0
200,5790,5804,0
201,5917,5853,0
202,5852,5908,1
203,5865,5888,0
204,5916,5873,0
205,5876,5830,0
206,5800,5912,0
207,5856,5877,0
208,5907,5820,1
209,5881,5880,0
210,5832,5887,0
211,5839,5819,0
212,5833,5884,0
213,5904,5831,0
214,5896,5902,1
215,5892,5866,1
216,5913,5843,1
217,5759,5869,0
218,5882,5723,1
219,5860,5855,0
220,5740,5910,0
221,5893,5867,0
222,5915,5818,0
223,5889,5789,1
224,5859,5840,1
225,5826,5838,0
226,5827,5886,1
227,5905,5900,1
228,5918,5861,1
229,5846,5849,1
230,5828,5891,1
231,5911,5864,0
232,5802,5875,1
233,5841,5894,0
234,5796,5794,1
235,5836,5906,1
236,5874,5885,1
237,5901,5736,0
238,5848,5842,1
239,5757,5872,0
240,5878,5741,1
241,5919,5899,1
242,5868,5897,1
243,5792,5895,0
244,5903,5890,0
245,5639,5909,1
246,5786,5748,1
247,5862,5879,0
248,5816,5801,1
249,5898,5914,0
250,5841,5884,0
251,5879,5741,1
252,5899,5898,1
253,5802,5905,0
254,5894,5869,0
255,5843,5816,0
256,5836,5878,0
257,5896,5876,1
258,5872,5875,0
259,5801,5917,0
260,5888,5906,1
261,5913,5804,0
262,5892,5911,0
263,5861,5792,0
264,5800,5819,0
265,5740,5887,0
266,5908,5794,1
267,5866,5881,0
268,5919,5893,1
269,5864,5868,0
270,5757,5831,0
271,5830,5828,1
272,5915,5867,0
273,5759,5900,1
274,5889,5910,0
275,5849,5832,0
276,5842,5748,1
277,5859,5895,0
278,5827,5852,0
279,5880,5839,1
280,5916,5818,1
281,5885,5853,0
282,5826,5873,0
283,5862,5877,0
284,5786,5789,1
285,5639,5874,0
286,5904,5790,1
287,5891,5855,0
288,5736,5796,1
289,5903,5902,0
290,5856,5840,1
291,5820,5901,0
292,5723,5846,0
293,5890,5886,1
294,5918,5833,1
295,5848,5897,1
296,5914,5860,1
297,5907,5865,1
298,5882,5909,1
299,5838,5912,0
300,5861,5885,1
301,5827,5874,0
302,5836,5856,0
303,5826,5872,0
304,5898,5897,1
305,5909,5915,0
306,5866,5796,0
307,5840,5905,0
308,5869,5828,1
309,5789,5910,0
310,5867,5790,1
311,5888,5907,1
312,5741,5802,0
313,5879,5918,1
314,5881,5800,1
315,5848,5912,0
316,5804,5786,1
317,5895,5794,1
318,5894,5900,0
319,5639,5911,0
320,5842,5902,0
321,5893,5846,1
322,5906,5736,0
323,5892,5899,0
324,5913,5860,1
325,5748,5875,0
326,5908,5884,0
327,5723,5917,0
328,5792,5876,1
329,5759,5820,0
330,5890,5855,0
331,5849,5865,0
332,5831,5887,1
333,5916,5838,1
334,5914,5889,1
335,5891,5877,0
336,5843,5864,0
337,5901,5839,1
338,5919,5853,1
339,5833,5904,0
340,5882,5740,1
341,5873,5868,0
342,5903,5859,1
343,5832,5878,0
344,5896,5862,1
345,5818,5757,1
346,5819,5816,1
347,5880,5801,1
348,5830,5852,1
349,5841,5886,0
350,5836,5918,0
351,5826,5880,0
352,5882,5828,0
353,5786,5914,0
354,5869,5639,1
355,5849,5908,0
356,5804,5832,1
357,5833,5912,0
358,5860,5723,0
359,5875,5905,0
360,5873,5904,1
361,5901,5866,1
362,5839,5848,0
363,5894,5861,0
364,5876,5840,1
365,5865,5892,0
366,5886,5792,0
367,5820,5889,0
368,5800,5893,0
369,5789,5830,0
370,5888,5818,0
371,5915,5736,0
372,5794,5919,0
373,5855,5895,0
374,5884,5909,1
375,5917,5881,1
376,5740,5897,1
377,5916,5856,1
378,5846,5853,0
379,5913,5910,0
380,5801,5891,0
381,5879,5900,1
382,5852,5838,0
383,5741,5896,0
384,5890,5841,1
385,5903,5759,1
386,5899,5831,0
387,5872,5887,0
388,5842,5868,0
389,5816,5843,1
390,5898,5827,1
391,5819,5864,1
392,5862,5867,0
393,5859,5906,0
394,5877,5796,1
395,5790,5885,0
396,5907,5878,1
397,5757,5902,0
398,5874,5748,1
399,5802,5911,1
400,5639,5864,0
401,5893,5884,0
402,5901,5885,1
403,5796,5836,1
404,5831,5757,1
405,5869,5804,1
406,5843,5875,0
407,5736,5910,1
408,5865,5748,1
409,5723,5852,0
410,5855,5801,1
411,5818,5842,1
412,5861,5911,0
413,5874,5868,0
414,5878,5786,1
415,5918,5872,1
416,5838,5794,1
417,5902,5899,1
418,5876,5916,0
419,5913,5919,0
420,5816,5897,1
421,5903,5819,0
422,5833,5894,1
423,5866,5887,0
424,5827,5826,1
425,5892,5849,1
426,5877,5840,1
427,5914,5906,1
428,5800,5896,0
429,5888,5900,1
430,5802,5881,1
431,5841,5741,0
432,5895,5828,1
433,5907,5889,0
434,5856,5882,1
435,5873,5860,1
436,5839,5898,0
437,5846,5880,0
438,5853,5862,1
439,5879,5886,1
440,5848,5832,1
441,5790,5904,0
442,5890,5867,0
443,5740,5909,1
444,5905,5891,1
445,5830,5789,1
446,5859,5792,0
447,5820,5915,1
448,5912,5917,1
449,5759,5908,1
450,5842,5856,0
451,5919,5896,0
452,5914,5836,1
453,5881,5898,0
454,5759,5849,1
455,5852,5893,1
456,5899,5826,1
457,5903,5820,1
458,5790,5843,0
459,5874,5909,1
460,5900,5915,1
461,5866,5786,0
462,5855,5894,1
463,5878,5802,0
464,5890,5875,1
465,5748,5723,1
466,5880,5872,1
467,5859,5891,1
468,5831,5789,1
469,5819,5864,1
470,5901,5885,1
471,5840,5818,0
472,5906,5886,1
473,5740,5816,0
474,5911,5910,0
475,5912,5800,1
476,5853,5846,1
477,5873,5861,1
478,5801,5865,0
479,5867,5841,1
480,5639,5907,0
481,5741,5916,0
482,5839,5904,0
483,5804,5917,0
484,5868,5848,1
485,5902,5887,1
486,5830,5833,1
487,5908,5913,1
488,5895,5832,1
489,5879,5897,1
490,5892,5757,1
491,5882,5862,1
492,5884,5869,0
493,5792,5736,0
494,5918,5860,1
495,5877,5827,1
496,5838,5905,0
497,5796,5889,0
498,5794,5828,0
499,5888,5876,1
500,5852,5853,0
501,5879,5639,1
502,5898,5908,1
503,5873,5919,0
504,5839,5828,0
505,5796,5819,0
506,5899,5856,1
507,5877,5836,1
508,5816,5748,1
509,5802,5890,1
510,5786,5831,0
511,5907,5830,0
512,5900,5790,1
513,5820,5888,0
514,5736,5892,1
515,5875,5800,1
516,5843,5881,0
517,5855,5889,1
518,5862,5842,0
519,5894,5841,1
520,5849,5878,0
521,5827,5867,0
522,5917,5882,1
523,5804,5848,1
524,5818,5911,0
525,5916,5893,1
526,5723,5859,0
527,5757,5860,1
528,5880,5896,0
529,5915,5869,0
530,5918,5876,1
531,5826,5874,0
532,5866,5913,0
533,5904,5895,0
534,5906,5897,1
535,5912,5914,0
536,5792,5905,0
537,5887,5884,1
538,5910,5846,1
539,5891,5832,0
540,5903,5833,1
541,5872,5838,0
542,5868,5801,1
543,5741,5789,1
544,5885,5901,0
545,5794,5902,0
546,5861,5865,1
547,5909,5840,1
548,5759,5740,1
549,5886,5864,0
550,5790,5796,0
551,5889,5843,1
552,5872,5869,0
553,5886,5862,1
554,5861,5852,0
555,5748,5723,1
556,5919,5914,1
557,5878,5836,1
558,5893,5838,0
559,5828,5884,0
560,5816,5912,0
561,5895,5907,1
562,5804,5868,0
563,5759,5892,0
564,5867,5840,1
565,5826,5786,0
566,5879,5853,0
567,5736,5887,1
568,5904,5757,1
569,5741,5820,0
570,5865,5792,0
571,5841,5913,0
572,5902,5855,0
573,5827,5915,1
574,5875,5849,1
575,5866,5830,0
576,5897,5856,0
577,5882,5901,0
578,5890,5905,0
579,5874,5831,0
580,5908,5740,1
581,5833,5789,1
582,5860,5877,0
583,5881,5916,0
584,5800,5894,0
585,5819,5794,1
586,5903,5898,1
587,5909,5918,0
588,5839,5876,0
589,5846,5888,0
590,5639,5864,0
591,5802,5880,1
592,5832,5818,0
593,5885,5859,0
594,5899,5910,0
595,5896,5917,1
596,5801,5911,0
597,5848,5842,1
598,5906,5900,1
599,5873,5891,1
600,5748,5898,0
601,5866,5907,0
602,5868,5801,1
603,5757,5867,0
604,5909,5901,0
605,5894,5912,0
606,5879,5859,1
607,5796,5856,1
608,5917,5836,1
609,5877,5899,1
610,5820,5790,1
611,5875,5843,1
612,5802,5885,1
613,5639,5862,0
614,5740,5880,0
615,5832,5892,0
616,5881,5919,0
617,5915,5873,0
618,5838,5759,1
619,5736,5830,1
620,5911,5792,1
621,5865,5887,0
622,5861,5841,1
623,5889,5860,1
624,5826,5902,0
625,5900,5853,0
626,5910,5818,1
627,5872,5874,0
628,5906,5904,0
629,5897,5839,1
630,5840,5876,0
631,5831,5908,1
632,5886,5852,0
633,5913,5848,0
634,5819,5893,1
635,5891,5864,0
636,5741,5816,0
637,5723,5827,0
638,5789,5895,0
639,5846,5914,0
640,5794,5855,0
641,5833,5878,0
642,5884,5842,1
643,5903,5918,1
644,5905,5800,1
645,5804,5888,0
646,5882,5849,1
647,5869,5896,0
648,5828,5890,0
649,5786,5916,0
650,5832,5849,1
651,5908,5884,0
652,5910,5900,1
653,5873,5786,1
654,5759,5872,1
655,5909,5896,0
656,5874,5827,1
657,5881,5913,1
658,5895,5898,1
659,5846,5828,0
660,5862,5880,0
661,5792,5757,1
662,5838,5906,1
663,5889,5840,1
664,5848,5869,0
665,5916,5911,0
666,5907,5886,1
667,5882,5914,0
668,5833,5904,0
669,5736,5899,1
670,5831,5794,1
671,5843,5879,0
672,5864,5852,1
673,5890,5892,1
674,5740,5861,0
675,5801,5865,0
676,5887,5841,1
677,5919,5816,1
678,5856,5804,1
679,5859,5741,1
680,5878,5917,0
681,5639,5905,0
682,5819,5800,1
683,5901,5818,0
684,5885,5866,1
685,5918,5903,0
686,5894,5723,0
687,5842,5893,0
688,5867,5902,0
689,5836,5820,0
690,5876,5853,0
691,5860,5796,0
692,5897,5875,0
693,5888,5912,0
694,5891,5877,0
695,5839,5826,0
696,5790,5915,0
697,5748,5789,1
698,5868,5802,1
699,5855,5830,1
700,5897,5868,0
701,5830,5875,1
702,5736,5898,1
703,5836,5740,1
704,5918,5884,0
705,5893,5891,1
706,5846,5820,0
707,5876,5900,1
708,5878,5890,0
709,5888,5848,1
710,5913,5862,1
711,5859,5789,1
712,5874,5887,0
713,5860,5801,0
714,5873,5869,1
715,5833,5904,0
716,5895,5804,1
717,5741,5909,1
718,5786,5889,0
719,5827,5839,1
720,5899,5757,1
721,5912,5796,1
722,5901,5840,1
723,5843,5902,0
724,5792,5865,1
725,5819,5919,1
726,5892,5759,1
727,5886,5800,1
728,5872,5855,0
729,5880,5914,0
730,5853,5910,0
731,5828,5881,1
732,5905,5879,1
733,5911,5838,1
734,5818,5907,1
735,5915,5723,0
736,5856,5639,1
737,5826,5916,0
738,5885,5802,0
739,5849,5816,0
740,5908,5903,0
741,5917,5832,1
742,5794,5842,0
743,5852,5866,1
744,5790,5831,0
745,5906,5896,0
746,5841,5748,0
747,5894,5864,0
748,5877,5867,1
749,5861,5882,1
750,5903,5843,1
751,5860,5891,0
752,5792,5759,1
753,5836,5911,0
754,5899,5894,1
755,5786,5853,0
756,5918,5876,1
757,5789,5839,1
758,5802,5868,0
759,5740,5796,0
760,5912,5826,1
761,5889,5827,1
762,5859,5804,0
763,5748,5919,0
764,5873,5794,1
765,5852,5884,0
766,5861,5881,0
767,5865,5905,0
768,5736,5833,1
769,5898,5878,1
770,5875,5900,1
771,5828,5842,1
772,5830,5866,1
773,5893,5874,0
774,5831,5723,1
775,5867,5895,0
776,5816,5820,1
777,5819,5840,1
778,5841,5757,0
779,5838,5917,0
780,5915,5913,0
781,5880,5846,1
782,5907,5855,0
783,5906,5901,0
784,5856,5882,1
785,5916,5801,1
786,5892,5897,1
787,5741,5885,0
788,5832,5862,1
789,5896,5848,1
790,5914,5886,1
791,5902,5790,1
792,5879,5887,0
793,5888,5877,0
794,5818,5849,1
795,5872,5869,0
796,5800,5908,0
797,5909,5864,0
798,5910,5904,1
799,5890,5639,1
800,5828,5889,0
801,5869,5840,1
802,5882,5830,0
803,5862,5833,0
804,5879,5836,1
805,5887,5912,0
806,5867,5801,1
807,5796,5740,1
808,5880,5868,0
809,5853,5826,1
810,5789,5875,0
811,5892,5741,1
812,5860,5895,0
813,5855,5913,1
814,5866,5919,0
815,5792,5918,1
816,5909,5816,0
817,5848,5904,0
818,5885,5881,0
819,5864,5832,1
820,5896,5872,1
821,5907,5759,1
822,5804,5838,0
823,5874,5915,1
824,5723,5865,0
825,5852,5878,0
826,5908,5886,0
827,5859,5890,0
828,5900,5910,0
829,5827,5873,0
830,5891,5899,0
831,5884,5861,1
832,5846,5905,0
833,5790,5888,0
834,5839,5841,0
835,5876,5897,1
836,5794,5898,0
837,5902,5911,1
838,5820,5800,1
839,5916,5802,0
840,5906,5917,0
841,5901,5894,1
842,5877,5639,1
843,5736,5786,1
844,5856,5843,1
845,5893,5914,0
846,5757,5842,0
847,5818,5849,1
848,5819,5903,1
849,5831,5748,1
850,5875,5892,0
851,5909,5860,1
852,5862,5639,1
853,5816,5908,1
854,5897,5736,0
855,5880,5723,1
856,5748,5882,0
857,5836,5884,0
858,5852,5891,1
859,5853,5819,0
860,5820,5865,1
861,5878,5890,0
862,5841,5904,0
863,5901,5902,0
864,5911,5827,1
865,5840,5832,0
866,5855,5889,1
867,5848,5885,0
868,5877,5802,1
869,5790,5826,0
870,5881,5906,1
871,5899,5914,0
872,5894,5831,0
873,5919,5913,1
874,5918,5839,1
875,5874,5792,1
876,5740,5828,0
877,5838,5879,1
878,5843,5846,0
879,5859,5849,1
880,5864,5917,1
881,5915,5818,0
882,5796,5759,1
883,5789,5907,0
884,5861,5794,1
885,5800,5887,0
886,5905,5868,1
887,5869,5898,1
888,5895,5866,1
889,5741,5903,0
890,5916,5830,1
891,5867,5757,1
892,5872,5786,0
893,5842,5900,1
894,5896,5912,1
895,5801,5873,0
896,5833,5893,0
897,5910,5886,1
898,5856,5888,1
899,5804,5876,1
900,5853,5794,1
901,5882,5878,0
902,5893,5790,1
903,5888,5877,0
904,5818,5830,1
905,5912,5908,1
906,5919,5832,1
907,5916,5868,0
908,5843,5911,0
909,5913,5820,0
910,5789,5905,0
911,5918,5872,1
912,5914,5889,1
913,5841,5865,0
914,5890,5903,1
915,5887,5894,1
916,5796,5856,1
917,5816,5874,1
918,5917,5866,1
919,5819,5907,1
920,5904,5848,1
921,5880,5891,1
922,5842,5899,0
923,5901,5846,1
924,5859,5741,1
925,5759,5826,1
926,5639,5895,0
927,5828,5879,1
928,5757,5748,0
929,5852,5736,0
930,5862,5864,0
931,5896,5831,1
932,5861,5898,0
933,5915,5792,0
934,5900,5873,0
935,5804,5802,0
936,5827,5740,1
937,5860,5906,0
938,5836,5839,1
939,5875,5833,1
940,5867,5884,1
941,5910,5849,1
942,5800,5869,0
943,5892,5886,1
944,5855,5897,1
945,5801,5876,0
946,5885,5881,0
947,5723,5786,0
948,5909,5838,0
949,5840,5902,0
950,5852,5818,0
951,5917,5914,0
952,5827,5862,1
953,5786,5856,0
954,5860,5919,0
955,5874,5723,1
956,5895,5865,1
957,5896,5913,1
958,5898,5800,1
959,5828,5801,1
960,5792,5840,1
961,5796,5907,1
962,5841,5842,0
963,5790,5910,0
964,5881,5872,1
965,5816,5843,1
966,5900,5639,1
967,5908,5846,1
968,5819,5757,1
969,5736,5848,1
970,5901,5831,0
971,5891,5894,1
972,5826,5904,0
973,5839,5906,0
974,5789,5802,0
975,5902,5748,1
976,5866,5879,0
977,5899,5885,1
978,5912,5916,1
979,5915,5869,0
980,5911,5880,1
981,5759,5832,1
982,5838,5893,1
983,5861,5849,1
984,5882,5873,0
985,5864,5740,1
986,5836,5918,0
987,5905,5875,1
988,5868,5830,1
989,5876,5886,1
990,5878,5833,1
991,5887,5903,0
992,5888,5877,0
993,5820,5909,1
994,5867,5804,1
995,5859,5889,0
996,5890,5897,1
997,5794,5853,0
998,5855,5741,1
999,5892,5884,0
1000,5917,5830,0
1001,5895,5723,1
1002,5880,5911,0
1003,5800,5878,0
1004,5864,5862,1
1005,5801,5856,0
1006,5757,5876,0
1007,5789,5908,0
1008,5893,5843,1
1009,5894,5759,0
1010,5855,5736,0
1011,5909,5907,0
1012,5840,5873,0
1013,5896,5827,1
1014,5914,5816,1
1015,5886,5877,0
1016,5888,5841,1
1017,5910,5839,1
1018,5918,5842,1
1019,5885,5884,0
1020,5901,5861,1
1021,5826,5902,0
1022,5846,5820,0
1023,5912,5786,1
1024,5866,5828,0
1025,5831,5802,0
1026,5882,5836,0
1027,5898,5869,0
1028,5860,5891,0
1029,5903,5916,0
1030,5889,5900,1
1031,5874,5905,0
1032,5833,5868,0
1033,5819,5906,1
1034,5740,5919,0
1035,5890,5899,0
1036,5639,5853,0
1037,5897,5794,1
1038,5859,5915,1
1039,5865,5879,0
1040,5849,5848,0
1041,5867,5872,1
1042,5881,5892,0
1043,5875,5904,0
1044,5832,5796,0
1045,5913,5838,0
1046,5790,5792,0
1047,5741,5852,0
1048,5804,5818,0
1049,5887,5748,1
1050,5740,5866,1
1051,5861,5882,1
1052,5820,5639,1
1053,5790,5800,1
1054,5915,5843,0
1055,5919,5841,1
1056,5888,5842,1
1057,5816,5903,0
1058,5759,5801,1
1059,5859,5873,0
1060,5860,5892,0
1061,5890,5833,1
1062,5792,5908,1
1063,5885,5902,0
1064,5893,5874,0
1065,5828,5848,1
1066,5900,5898,0
1067,5896,5864,1
1068,5886,5802,0
1069,5867,5897,1
1070,5904,5917,1
1071,5889,5855,0
1072,5830,5875,1
1073,5894,5804,0
1074,5723,5748,0
1075,5846,5884,0
1076,5879,5914,0
1077,5789,5907,0
1078,5796,5741,1
1079,5826,5910,0
1080,5905,5818,1
1081,5895,5757,1
1082,5881,5831,0
1083,5836,5901,0
1084,5918,5856,0
1085,5852,5832,1
1086,5878,5862,1
1087,5868,5891,1
1088,5794,5880,0
1089,5827,5877,0
1090,5786,5906,1
1091,5840,5913,0
1092,5853,5887,0
1093,5838,5909,1
1094,5869,5849,1
1095,5912,5819,0
1096,5872,5736,0
1097,5839,5916,0
1098,5911,5876,1
1099,5899,5865,1
1100,5842,5894,1
1101,5876,5895,0
1102,5886,5839,1
1103,5800,5818,0
1104,5827,5880,0
1105,5872,5905,0
1106,5915,5838,0
1107,5875,5832,1
1108,5878,5836,1
1109,5874,5899,0
1110,5831,5910,0
1111,5820,5804,0
1112,5789,5903,0
1113,5888,5748,1
1114,5902,5917,1
1115,5867,5892,1
1116,5906,5904,0
1117,5868,5889,1
1118,5833,5801,1
1119,5856,5877,0
1120,5794,5790,1
1121,5796,5909,1
1122,5849,5786,0
1123,5884,5859,1
1124,5841,5914,0
1125,5840,5881,0
1126,5900,5898,0
1127,5866,5855,0
1128,5896,5826,1
1129,5882,5869,0
1130,5873,5736,0
1131,5757,5907,0
1132,5893,5723,1
1133,5828,5913,1
1134,5919,5759,1
1135,5843,5639,1
1136,5885,5819,0
1137,5901,5890,0
1138,5887,5879,1
1139,5864,5741,1
1140,5802,5912,1
1141,5865,5908,0
1142,5918,5830,0
1143,5848,5861,0
1144,5792,5862,1
1145,5911,5816,1
1146,5846,5897,1
1147,5891,5852,0
1148,5853,5740,1
1149,5860,5916,0
1150,5874,5894,1
1151,5816,5741,1
1152,5892,5853,0
1153,5836,5852,0
1154,5801,5868,0
1155,5759,5832,1
1156,5890,5833,1
1157,5903,5902,0
1158,5855,5873,1
1159,5879,5907,0
1160,5910,5800,1
1161,5897,5877,0
1162,5864,5882,1
1163,5900,5876,0
1164,5859,5896,0
1165,5906,5819,0
1166,5917,5872,1
1167,5909,5843,0
1168,5889,5911,0
1169,5736,5790,1
1170,5888,5905,0
1171,5639,5830,0
1172,5885,5913,1
1173,5884,5856,0
1174,5875,5820,1
1175,5904,5826,1
1176,5802,5862,1
1177,5757,5891,0
1178,5912,5915,1
1179,5723,5898,0
1180,5861,5786,0
1181,5838,5842,1
1182,5789,5901,0
1183,5893,5919,0
1184,5849,5887,0
1185,5895,5867,1
1186,5869,5827,1
1187,5899,5866,1
1188,5818,5828,1
1189,5914,5748,1
1190,5831,5841,1
1191,5796,5881,1
1192,5878,5839,1
1193,5848,5880,0
1194,5916,5792,1
1195,5918,5908,1
1196,5846,5740,1
1197,5804,5860,1
1198,5794,5865,0
1199,5886,5840,1
1200,5639,5856,0
1201,5826,5819,0
1202,5907,5816,0
1203,5884,5757,1
1204,5723,5868,0
1205,5880,5874,0
1206,5876,5872,1
1207,5882,5881,0
1208,5903,5896,0
1209,5891,5796,0
1210,5899,5804,1
1211,5909,5861,0
1212,5912,5897,1
1213,5906,5890,0
1214,5852,5885,1
1215,5838,5853,0
1216,5759,5786,0
1217,5879,5913,1
1218,5801,5875,0
1219,5918,5860,1
1220,5902,5917,1
1221,5900,5827,0
1222,5866,5901,0
1223,5892,5915,1
1224,5846,5830,0
1225,5841,5889,0
1226,5867,5911,1
1227,5864,5836,1
1228,5865,5849,1
1229,5842,5840,1
1230,5789,5820,0
1231,5748,5908,0
1232,5831,5832,1
1233,5736,5886,1
1234,5818,5741,1
1235,5792,5894,1
1236,5843,5910,0
1237,5888,5904,0
1238,5878,5859,1
1239,5916,5914,0
1240,5919,5893,1
1241,5833,5877,0
1242,5790,5862,0
1243,5895,5828,1
1244,5794,5869,0
1245,5802,5898,1
1246,5873,5800,1
1247,5848,5887,0
1248,5905,5740,1
1249,5839,5855,0
1250,5792,5740,1
1251,5873,5736,0
1252,5882,5915,1
1253,5892,5898,0
1254,5874,5832,1
1255,5879,5827,1
1256,5865,5723,1
1257,5880,5828,1
1258,5890,5904,0
1259,5878,5866,1
1260,5907,5903,0
1261,5848,5853,0
1262,5862,5818,0
1263,5759,5831,0
1264,5872,5886,0
1265,5839,5819,0
1266,5794,5894,0
1267,5917,5867,0
1268,5891,5842,0
1269,5900,5919,0
1270,5876,5741,1
1271,5789,5859,0
1272,5748,5895,0
1273,5804,5888,0
1274,5855,5830,1
1275,5910,5816,1
1276,5843,5800,1
1277,5639,5801,0
1278,5836,5869,0
1279,5864,5868,0
1280,5896,5820,1
1281,5905,5802,1
1282,5911,5901,1
1283,5841,5856,0
1284,5916,5875,1
1285,5849,5860,1
1286,5914,5852,1
1287,5887,5909,1
1288,5912,5833,1
1289,5918,5908,1
1290,5786,5881,0
1291,5790,5838,0
1292,5885,5861,0
1293,5796,5884,1
1294,5913,5897,0
1295,5877,5899,1
1296,5906,5889,0
1297,5840,5826,0
1298,5902,5757,1
1299,5846,5893,0
1300,5827,5903,0
1301,5899,5874,1
1302,5801,5894,1
1303,5868,5859,1
1304,5794,5919,0
1305,5917,5884,0
1306,5895,5831,1
1307,5910,5804,1
1308,5901,5893,1
1309,5861,5885,1
1310,5896,5853,1
1311,5855,5819,0
1312,5796,5879,1
1313,5911,5880,1
1314,5828,5877,0
1315,5740,5902,0
1316,5842,5888,0
1317,5792,5849,1
1318,5866,5840,1
1319,5913,5818,0
1320,5843,5908,0
1321,5833,5898,0
1322,5820,5741,1
1323,5878,5836,1
1324,5872,5873,0
1325,5848,5890,0
1326,5800,5909,0
1327,5907,5830,0
1328,5856,5906,1
1329,5905,5897,1
1330,5865,5789,1
1331,5889,5826,1
1332,5838,5912,0
1333,5736,5790,1
1334,5839,5914,0
1335,5846,5915,1
1336,5882,5904,0
1337,5841,5875,0
1338,5860,5757,0
1339,5918,5832,1
1340,5862,5864,0
1341,5869,5816,1
1342,5900,5748,0
1343,5887,5867,0
1344,5639,5786,0
1345,5802,5892,1
1346,5886,5852,0
1347,5916,5759,1
1348,5881,5723,1
1349,5891,5876,0
1350,5892,5849,1
1351,5886,5906,0
1352,5913,5748,0
1353,5880,5848,1
1354,5898,5893,1
1355,5833,5843,1
1356,5919,5909,1
1357,5826,5887,0
1358,5904,5802,0
1359,5901,5868,0
1360,5877,5639,1
1361,5804,5889,0
1362,5881,5864,0
1363,5915,5910,0
1364,5831,5800,1
1365,5884,5872,1
1366,5908,5856,0
1367,5828,5896,0
1368,5832,5879,0
1369,5818,5842,1
1370,5903,5918,1
1371,5789,5792,0
1372,5890,5876,1
1373,5841,5866,0
1374,5865,5875,0
1375,5882,5741,1
1376,5830,5895,0
1377,5794,5885,0
1378,5914,5869,1
1379,5907,5862,1
1380,5796,5916,0
1381,5861,5852,0
1382,5859,5840,1
1383,5723,5790,1
1384,5897,5820,0
1385,5900,5839,1
1386,5867,5888,1
1387,5801,5891,0
1388,5860,5905,0
1389,5846,5874,0
1390,5819,5894,1
1391,5853,5873,0
1392,5902,5836,1
1393,5759,5912,0
1394,5740,5917,0
1395,5899,5911,0
1396,5838,5855,0
1397,5786,5757,1
1398,5736,5827,1
1399,5878,5816,0
1400,5759,5919,0
1401,5891,5816,0
1402,5828,5896,0
1403,5877,5874,1
1404,5639,5802,0
1405,5818,5740,1
1406,5800,5889,0
1407,5892,5796,0
1408,5918,5912,0
1409,5820,5831,0
1410,5901,5862,1
1411,5882,5846,1
1412,5865,5888,0
1413,5789,5861,0
1414,5840,5856,0
1415,5833,5900,1
1416,5886,5909,1
1417,5852,5792,0
1418,5907,5906,1
1419,5830,5786,1
1420,5864,5902,0
1421,5880,5913,1
1422,5843,5748,0
1423,5899,5826,1
1424,5757,5908,0
1425,5879,5881,0
1426,5910,5832,1
1427,5878,5890,0
1428,5842,5866,1
1429,5836,5905,0
1430,5819,5915,1
1431,5885,5916,0
1432,5855,5741,1
1433,5917,5887,0
1434,5860,5790,0
1435,5894,5841,1
1436,5869,5867,0
1437,5801,5859,0
1438,5898,5794,1
1439,5914,5876,1
1440,5839,5904,0
1441,5736,5872,1
1442,5884,5893,1
1443,5849,5897,0
1444,5827,5911,0
1445,5895,5873,1
1446,5853,5868,0
1447,5804,5848,1
1448,5838,5903,0
1449,5875,5723,1
1450,5833,5905,0
1451,5873,5853,1
1452,5915,5866,0
1453,5859,5790,1
1454,5910,5897,1
1455,5804,5862,1
1456,5872,5838,0
1457,5861,5639,1
1458,5789,5901,0
1459,5899,5802,0
1460,5880,5848,1
1461,5801,5849,1
1462,5875,5796,0
1463,5868,5740,1
1464,5846,5816,0
1465,5869,5757,1
1466,5911,5860,1
1467,5864,5843,1
1468,5839,5867,0
1469,5884,5906,1
1470,5878,5830,0
1471,5889,5882,1
1472,5918,5879,0
1473,5723,5855,0
1474,5826,5736,0
1475,5741,5914,0
1476,5904,5891,1
1477,5908,5876,0
1478,5818,5856,1
1479,5916,5828,1
1480,5819,5900,1
1481,5881,5794,1
1482,5820,5893,1
1483,5898,5852,1
1484,5888,5903,0
1485,5886,5792,0
1486,5831,5759,1
1487,5865,5892,0
1488,5841,5890,0
1489,5917,5827,1
1490,5840,5909,0
1491,5842,5748,1
1492,5786,5907,0
1493,5913,5836,0
1494,5895,5885,1
1495,5887,5832,1
1496,5902,5874,1
1497,5800,5912,0
1498,5894,5919,0
1499,5877,5896,1
1500,5741,5800,1
1501,5828,5889,0
1502,5872,5909,1
1503,5819,5849,1
1504,5792,5918,1
1505,5873,5820,1
1506,5786,5904,0
1507,5886,5853,0
1508,5898,5802,0
1509,5877,5836,1
1510,5911,5830,1
1511,5908,5832,1
1512,5869,5864,0
1513,5916,5899,0
1514,5846,5856,0
1515,5848,5794,1
1516,5880,5843,1
1517,5885,5841,1
1518,5862,5893,0
1519,5890,5757,1
1520,5860,5838,0
1521,5878,5913,1
1522,5866,5839,1
1523,5888,5801,1
1524,5852,5723,1
1525,5855,5868,0
1526,5842,5910,0
1527,5895,5902,1
1528,5887,5827,1
1529,5867,5740,1
1530,5917,5891,1
1531,5905,5900,1
1532,5748,5639,1
1533,5892,5790,1
1534,5907,5736,0
1535,5903,5894,1
1536,5876,5861,1
1537,5759,5831,0
1538,5875,5840,1
1539,5919,5789,1
1540,5818,5859,1
1541,5914,5915,1
1542,5881,5912,0
1543,5874,5882,1
1544,5833,5906,0
1545,5896,5865,1
1546,5884,5804,1
1547,5897,5826,1
1548,5901,5879,1
1549,5796,5816,1
1550,5878,5856,0
1551,5889,5840,1
1552,5639,5865,0
1553,5906,5838,0
1554,5839,5820,0
1555,5816,5828,1
1556,5736,5876,1
1557,5864,5832,1
1558,5860,5740,0
1559,5859,5880,0
1560,5884,5915,1
1561,5911,5759,1
1562,5877,5800,1
1563,5882,5842,1
1564,5831,5841,1
1565,5919,5888,1
1566,5757,5886,0
1567,5905,5862,1
1568,5890,5853,1
1569,5913,5789,1
1570,5875,5904,0
1571,5819,5902,1
1572,5896,5867,1
1573,5833,5802,0
1574,5901,5846,1
1575,5900,5836,0
1576,5918,5790,1
1577,5892,5748,1
1578,5796,5741,1
1579,5914,5827,1
1580,5912,5916,1
1581,5843,5866,0
1582,5801,5874,0
1583,5885,5855,0
1584,5868,5792,1
1585,5917,5897,1
1586,5910,5908,1
1587,5861,5909,1
1588,5848,5899,0
1589,5887,5895,0
1590,5723,5852,0
1591,5903,5893,1
1592,5804,5879,1
1593,5873,5881,1
1594,5849,5794,0
1595,5898,5818,0
1596,5869,5830,0
1597,5872,5891,0
1598,5826,5894,1
1599,5907,5786,1
1600,5898,5819,0
1601,5896,5879,1
1602,5794,5867,0
1603,5796,5723,1
1604,5828,5904,0
1605,5900,5804,0
1606,5839,5790,0
1607,5892,5789,1
1608,5888,5919,0
1609,5831,5884,1
1610,5882,5838,0
1611,5885,5918,0
1612,5820,5830,0
1613,5800,5875,0
1614,5903,5878,1
1615,5852,5876,1
1616,5849,5860,1
1617,5907,5881,1
1618,5855,5841,1
1619,5748,5897,1
1620,5909,5639,0
1621,5902,5899,1
1622,5840,5906,0
1623,5872,5827,0
1624,5895,5801,1
1625,5917,5818,0
1626,5836,5887,0
1627,5910,5792,1
1628,5869,5916,0
1629,5802,5901,1
1630,5832,5786,0
1631,5736,5913,1
1632,5877,5880,1
1633,5894,5911,0
1634,5741,5740,0
1635,5865,5842,0
1636,5893,5833,1
1637,5759,5905,0
1638,5873,5826,1
1639,5848,5912,0
1640,5864,5843,1
1641,5861,5889,0
1642,5891,5846,0
1643,5862,5915,1
1644,5886,5859,0
1645,5874,5890,0
1646,5868,5914,1
1647,5866,5816,0
1648,5757,5853,0
1649,5908,5856,0
1650,5639,5860,1
1651,5890,5741,1
1652,5830,5874,1
1653,5836,5899,0
1654,5833,5859,0
1655,5880,5864,0
1656,5832,5838,0
1657,5748,5839,1
1658,5792,5849,1
1659,5840,5892,0
1660,5905,5789,1
1661,5903,5804,1
1662,5786,5917,0
1663,5913,5826,0
1664,5879,5916,0
1665,5759,5794,1
1666,5873,5862,1
1667,5868,5828,1
1668,5907,5855,0
1669,5906,5853,0
1670,5900,5919,0
1671,5876,5882,1
1672,5897,5736,0
1673,5914,5909,1
1674,5884,5800,1
1675,5856,5872,1
1676,5891,5886,0
1677,5904,5848,1
1678,5843,5790,1
1679,5802,5852,1
1680,5757,5898,0
1681,5896,5801,1
1682,5831,5820,1
1683,5877,5881,1
1684,5895,5740,1
1685,5901,5842,1
1686,5861,5915,1
1687,5887,5911,0
1688,5841,5846,0
1689,5894,5723,0
1690,5889,5866,1
1691,5796,5908,1
1692,5827,5819,0
1693,5878,5865,1
1694,5875,5869,0
1695,5818,5885,1
1696,5816,5888,1
1697,5902,5867,1
1698,5910,5912,1
1699,5893,5918,0
1700,5886,5723,1
1701,5839,5869,0
1702,5856,5907,1
1703,5910,5841,1
1704,5874,5748,1
1705,5872,5790,1
1706,5830,5882,1
1707,5899,5796,1
1708,5855,5903,1
1709,5895,5906,1
1710,5853,5909,1
1711,5836,5919,0
1712,5881,5789,1
1713,5843,5898,0
1714,5832,5828,0
1715,5897,5888,0
1716,5887,5902,0
1717,5827,5786,0
1718,5794,5879,0
1719,5860,5865,0
1720,5908,5804,0
1721,5816,5801,1
1722,5866,5913,0
1723,5878,5859,1
1724,5862,5639,1
1725,5842,5861,0
1726,5889,5905,0
1727,5893,5867,0
1728,5884,5802,0
1729,5852,5846,1
1730,5819,5759,1
1731,5915,5831,0
1732,5911,5864,0
1733,5918,5900,1
1734,5757,5914,0
1735,5820,5904,0
1736,5912,5880,1
1737,5848,5894,1
1738,5826,5741,1
1739,5792,5740,1
1740,5876,5896,0
1741,5890,5885,1
1742,5800,5873,0
1743,5840,5868,0
1744,5877,5849,1
1745,5838,5818,0
1746,5736,5916,1
1747,5917,5891,1
1748,5833,5901,0
1749,5875,5892,0
1750,5748,5881,0
1751,5886,5900,1
1752,5891,5872,1
1753,5796,5789,1
1754,5838,5804,1
1755,5866,5860,1
1756,5827,5895,0
1757,5828,5856,0
1758,5840,5905,0
1759,5912,5865,1
1760,5896,5862,1
1761,5741,5855,0
1762,5876,5792,0
1763,5907,5830,0
1764,5820,5841,1
1765,5852,5890,0
1766,5878,5893,1
1767,5790,5859,0
1768,5832,5800,1
1769,5910,5894,1
1770,5887,5909,1
1771,5736,5885,1
1772,5867,5836,1
1773,5903,5842,1
1774,5868,5888,1
1775,5914,5826,1
1776,5869,5875,1
1777,5917,5908,1
1778,5819,5882,1
1779,5861,5913,1
1780,5864,5911,1
1781,5879,5906,1
1782,5759,5918,0
1783,5740,5904,0
1784,5877,5853,1
1785,5849,5816,0
1786,5916,5831,0
1787,5639,5801,0
1788,5898,5723,1
1789,5897,5846,0
1790,5880,5884,0
1791,5889,5892,1
1792,5873,5899,1
1793,5915,5757,1
1794,5848,5833,1
1795,5818,5794,1
1796,5843,5919,0
1797,5902,5786,1
1798,5802,5901,1
1799,5839,5874,0
1800,5864,5723,1
1801,5895,5919,1
1802,5786,5843,1
1803,5912,5913,1
1804,5888,5748,1
1805,5639,5885,0
1806,5873,5801,1
1807,5796,5757,1
1808,5900,5802,0
1809,5838,5889,0
1810,5910,5759,1
1811,5741,5792,0
1812,5866,5906,0
1813,5909,5918,0
1814,5901,5879,1
1815,5855,5903,1
1816,5904,5911,0
1817,5852,5891,1
1818,5862,5736,0
1819,5887,5848,1
1820,5897,5856,0
1821,5916,5869,1
1822,5830,5820,1
1823,5841,5859,0
1824,5827,5849,1
1825,5839,5833,0
1826,5842,5816,0
1827,5860,5819,0
1828,5828,5915,1
1829,5800,5896,0
1830,5832,5853,0
1831,5882,5907,0
1832,5840,5876,0
1833,5831,5804,1
1834,5874,5865,1
1835,5908,5884,0
1836,5905,5914,1
1837,5898,5868,0
1838,5881,5872,1
1839,5861,5846,1
1840,5894,5790,1
1841,5899,5892,1
1842,5818,5826,1
1843,5875,5836,1
1844,5877,5880,1
1845,5794,5886,0
1846,5893,5867,0
1847,5789,5740,0
1848,5902,5917,1
1849,5890,5878,1
1850,5876,5897,1
1851,5875,5846,1
1852,5917,5639,1
1853,5859,5736,0
1854,5862,5816,0
1855,5888,5890,0
1856,5843,5840,1
1857,5909,5826,0
1858,5838,5827,1
1859,5898,5820,1
1860,5800,5794,0
1861,5877,5804,1
1862,5912,5892,1
1863,5869,5818,0
1864,5796,5895,0
1865,5833,5882,0
1866,5832,5842,0
1867,5905,5907,1
1868,5887,5801,1
1869,5852,5830,0
1870,5748,5904,0
1871,5861,5786,0
1872,5884,5902,0
1873,5891,5903,0
1874,5819,5914,1
1875,5866,5828,0
1876,5880,5911,0
1877,5886,5759,0
1878,5915,5885,0
1879,5879,5900,1
1880,5873,5878,1
1881,5868,5867,1
1882,5856,5916,0
1883,5802,5864,1
1884,5848,5906,0
1885,5874,5910,0
1886,5913,5894,1
1887,5881,5831,0
1888,5790,5789,0
1889,5855,5836,1
1890,5899,5741,1
1891,5841,5839,1
1892,5860,5865,0
1893,5919,5896,0
1894,5901,5872,1
1895,5792,5723,1
1896,5853,5757,1
1897,5908,5849,1
1898,5740,5893,0
1899,5918,5889,0
1900,5894,5804,0
1901,5913,5899,0
1902,5876,5827,1
1903,5861,5919,0
1904,5833,5801,1
1905,5848,5796,0
1906,5856,5880,1
1907,5800,5859,0
1908,5916,5839,1
1909,5816,5802,0
1910,5860,5869,0
1911,5910,5832,1
1912,5838,5905,0
1913,5792,5819,0
1914,5741,5789,1
1915,5820,5888,0
1916,5855,5901,1
1917,5818,5908,1
1918,5900,5759,0
1919,5836,5917,0
1920,5852,5639,1
1921,5846,5911,0
1922,5907,5878,1
1923,5757,5831,0
1924,5874,5723,1
1925,5892,5897,1
1926,5853,5873,0
1927,5890,5886,1
1928,5868,5896,0
1929,5891,5898,0
1930,5840,5882,0
1931,5918,5881,0
1932,5794,5912,0
1933,5915,5864,0
1934,5862,5736,0
1935,5830,5826,1
1936,5790,5895,0
1937,5841,5877,0
1938,5885,5843,1
1939,5909,5887,0
1940,5872,5884,0
1941,5879,5842,1
1942,5740,5902,0
1943,5893,5906,1
1944,5865,5828,0
1945,5849,5903,0
1946,5875,5904,0
1947,5889,5748,1
1948,5914,5867,1
1949,5786,5866,1
1950,5639,5885,0
1951,5842,5909,1
1952,5917,5859,1
1953,5786,5900,1
1954,5899,5831,0
1955,5897,5723,1
1956,5876,5855,0
1957,5759,5865,1
1958,5801,5796,0
1959,5840,5836,0
1960,5846,5898,0
1961,5867,5818,1
1962,5794,5889,0
1963,5912,5861,1
1964,5827,5887,0
1965,5913,5879,0
1966,5832,5873,0
1967,5894,5757,1
1968,5902,5878,1
1969,5841,5828,0
1970,5868,5882,1
1971,5906,5862,1
1972,5804,5916,0
1973,5833,5890,0
1974,5826,5852,0
1975,5905,5884,1
1976,5892,5740,1
1977,5819,5839,1
1978,5886,5895,0
1979,5893,5919,0
1980,5914,5853,1
1981,5915,5877,0
1982,5748,5903,0
1983,5875,5789,1
1984,5802,5908,1
1985,5736,5843,1
1986,5800,5792,0
1987,5830,5888,1
1988,5820,5848,1
1989,5891,5866,1
1990,5838,5881,1
1991,5849,5904,0
1992,5880,5874,0
1993,5860,5816,0
1994,5741,5907,0
1995,5869,5911,0
1996,5896,5918,1
1997,5790,5856,0
1998,5910,5864,1
1999,5901,5872,1
2000,5900,5860,1
2001,5907,5881,1
2002,5828,5902,0
2003,5855,5843,1
2004,5914,5827,1
2005,5846,5872,1
2006,5861,5840,1
2007,5790,5885,0
2008,5839,5913,0
2009,5878,5866,1
2010,5888,5848,1
2011,5889,5826,1
2012,5912,5831,0
2013,5740,5904,0
2014,5830,5820,1
2015,5736,5864,1
2016,5794,5890,0
2017,5909,5832,0
2018,5901,5789,1
2019,5899,5786,1
2020,5875,5741,1
2021,5886,5804,0
2022,5910,5879,1
2023,5894,5868,0
2024,5801,5908,0
2025,5918,5838,0
2026,5833,5895,0
2027,5859,5874,0
2028,5723,5873,0
2029,5884,5867,0
2030,5892,5903,0
2031,5896,5818,1
2032,5792,5897,1
2033,5911,5849,1
2034,5865,5905,0
2035,5842,5836,0
2036,5887,5917,1
2037,5862,5802,0
2038,5819,5880,1
2039,5852,5800,1
2040,5856,5796,0
2041,5841,5906,0
2042,5882,5876,0
2043,5759,5757,1
2044,5893,5639,1
2045,5869,5853,1
2046,5919,5891,1
2047,5916,5915,1
2048,5877,5816,1
2049,5748,5898,0
2050,5913,5794,1
2051,5757,5895,0
2052,5796,5916,0
2053,5876,5905,0
2054,5831,5897,1
2055,5759,5884,0
2056,5889,5911,0
2057,5800,5880,0
2058,5818,5856,1
2059,5917,5865,1
2060,5827,5841,1
2061,5910,5853,1
2062,5832,5833,1
2063,5903,5838,1
2064,5882,5820,0
2065,5836,5886,1
2066,5909,5901,0
2067,5896,5849,1
2068,5828,5912,0
2069,5893,5919,0
2070,5801,5860,1
2071,5862,5723,1
2072,5830,5843,1
2073,5861,5898,0
2074,5879,5869,0
2075,5840,5875,0
2076,5852,5792,0
2077,5839,5906,0
2078,5874,5790,1
2079,5894,5891,0
2080,5826,5915,1
2081,5907,5866,1
2082,5914,5899,1
2083,5872,5900,1
2084,5639,5908,0
2085,5816,5736,0
2086,5804,5904,0
2087,5918,5873,0
2088,5741,5888,0
2089,5864,5877,0
2090,5892,5868,0
2091,5867,5846,1
2092,5748,5786,0
2093,5887,5855,0
2094,5885,5878,0
2095,5881,5842,1
2096,5802,5848,1
2097,5902,5859,1
2098,5789,5819,0
2099,5890,5740,1
2100,5801,5915,0
2101,5800,5886,0
2102,5892,5890,0
2103,5893,5796,0
2104,5905,5819,0
2105,5899,5830,1
2106,5827,5914,0
2107,5900,5740,0
2108,5913,5862,1
2109,5904,5843,1
2110,5639,5839,1
2111,5818,5802,0
2112,5759,5903,0
2113,5853,5916,0
2114,5868,5895,0
2115,5736,5816,1
2116,5828,5888,0
2117,5826,5896,0
2118,5792,5917,0
2119,5838,5831,0
2120,5878,5836,1
2121,5901,5880,1
2122,5876,5842,1
2123,5840,5908,0
2124,5820,5879,0
2125,5902,5794,1
2126,5856,5861,1
2127,5790,5789,0
2128,5832,5866,1
2129,5855,5897,1
2130,5723,5872,0
2131,5877,5912,1
2132,5918,5898,0
2133,5869,5874,1
2134,5865,5748,1
2135,5887,5881,1
2136,5907,5846,1
2137,5884,5873,0
2138,5741,5889,0
2139,5864,5804,1
2140,5757,5911,0
2141,5906,5909,1
2142,5894,5919,0
2143,5848,5786,0
2144,5875,5833,1
2145,5891,5867,0
2146,5910,5849,1
2147,5841,5859,0
2148,5882,5860,1
2149,5852,5885,1
2150,5856,5819,0
2151,5802,5869,1
2152,5896,5874,1
2153,5801,5830,0
2154,5884,5816,0
2155,5877,5876,1
2156,5891,5888,0
2157,5914,5899,1
2158,5892,5833,1
2159,5882,5826,1
2160,5915,5890,0
2161,5897,5790,1
2162,5898,5880,1
2163,5759,5895,0
2164,5865,5867,0
2165,5741,5903,0
2166,5792,5862,1
2167,5909,5859,0
2168,5916,5907,1
2169,5902,5885,1
2170,5886,5789,1
2171,5736,5840,1
2172,5740,5852,0
2173,5757,5908,0
2174,5879,5843,1
2175,5906,5875,0
2176,5868,5842,1
2177,5800,5828,0
2178,5904,5887,1
2179,5918,5849,1
2180,5853,5919,0
2181,5786,5794,1
2182,5804,5723,1
2183,5893,5905,0
2184,5796,5900,1
2185,5917,5861,1
2186,5836,5860,1
2187,5878,5827,1
2188,5818,5846,1
2189,5748,5839,1
2190,5838,5913,1
2191,5910,5872,1
2192,5866,5901,0
2193,5820,5881,0
2194,5841,5831,0
2195,5889,5894,1
2196,5639,5873,0
2197,5912,5848,1
2198,5864,5832,1
2199,5855,5911,1
2200,5888,5886,1
2201,5818,5836,1
2202,5879,5860,1
2203,5907,5838,1
2204,5917,5741,1
2205,5856,5909,1
2206,5889,5869,1
2207,5892,5830,0
2208,5792,5904,0
2209,5916,5849,1
2210,5877,5899,1
2211,5841,5789,0
2212,5748,5794,1
2213,5796,5826,1
2214,5913,5882,0
2215,5740,5880,0
2216,5906,5881,0
2217,5910,5839,1
2218,5804,5885,1
2219,5878,5723,1
2220,5903,5736,0
2221,5862,5759,0
2222,5848,5842,1
2223,5897,5831,0
2224,5912,5864,0
2225,5867,5800,1
2226,5846,5911,0
2227,5832,5891,1
2228,5919,5887,1
2229,5908,5905,0
2230,5873,5893,1
2231,5914,5820,1
2232,5915,5890,0
2233,5894,5902,0
2234,5865,5876,0
2235,5898,5827,1
2236,5852,5859,1
2237,5895,5900,1
2238,5757,5872,0
2239,5918,5884,0
2240,5875,5639,1
2241,5874,5861,1
2242,5840,5843,0
2243,5828,5790,1
2244,5819,5853,1
2245,5816,5833,1
2246,5801,5855,0
2247,5802,5896,0
2248,5901,5866,1
2249,5868,5786,1
2250,5894,5882,0
2251,5846,5888,0
2252,5903,5901,1
2253,5885,5908,1
2254,5830,5786,1
2255,5836,5841,1
2256,5826,5869,0
2257,5831,5819,0
2258,5867,5865,1
2259,5896,5906,1
2260,5802,5849,1
2261,5828,5887,0
2262,5852,5792,0
2263,5833,5639,1
2264,5843,5859,0
2265,5800,5909,0
2266,5860,5900,0
2267,5886,5839,1
2268,5723,5804,0
2269,5827,5866,1
2270,5874,5902,0
2271,5838,5736,0
2272,5855,5915,1
2273,5853,5832,1
2274,5740,5899,0
2275,5889,5801,1
2276,5794,5910,0
2277,5872,5848,0
2278,5741,5818,0
2279,5759,5820,0
2280,5796,5904,0
2281,5790,5905,0
2282,5897,5816,0
2283,5913,5862,1
2284,5877,5864,1
2285,5880,5873,0
2286,5895,5890,1
2287,5892,5919,0
2288,5916,5918,1
2289,5878,5875,0
2290,5842,5893,0
2291,5748,5912,0
2292,5789,5881,0
2293,5876,5898,0
2294,5861,5856,0
2295,5917,5891,1
2296,5911,5907,1
2297,5868,5879,1
2298,5757,5884,0
2299,5840,5914,0
2300,5838,5723,1
2301,5842,5888,0
2302,5890,5856,1
2303,5916,5790,1
2304,5873,5895,0
2305,5827,5911,0
2306,5826,5878,0
2307,5913,5833,0
2308,5855,5889,1
2309,5801,5789,1
2310,5865,5748,1
2311,5912,5896,0
2312,5836,5876,0
2313,5919,5846,1
2314,5759,5859,1
2315,5887,5861,1
2316,5849,5904,0
2317,5818,5891,1
2318,5897,5794,1
2319,5800,5909,0
2320,5868,5843,1
2321,5839,5882,0
2322,5905,5830,1
2323,5840,5864,0
2324,5886,5740,1
2325,5872,5819,0
2326,5832,5898,0
2327,5862,5903,0
2328,5880,5796,0
2329,5918,5917,0
2330,5877,5892,1
2331,5906,5639,1
2332,5831,5866,1
2333,5881,5879,1
2334,5914,5802,1
2335,5852,5899,0
2336,5874,5885,1
2337,5736,5757,1
2338,5820,5875,0
2339,5804,5894,1
2340,5792,5867,0
2341,5910,5816,1
2342,5860,5893,0
2343,5741,5828,0
2344,5901,5915,1
2345,5908,5786,0
2346,5907,5869,0
2347,5902,5853,1
2348,5884,5841,1
2349,5900,5848,0
2350,5897,5800,1
2351,5918,5786,1
2352,5860,5910,0
2353,5789,5895,0
2354,5919,5882,1
2355,5885,5859,0
2356,5748,5916,0
2357,5816,5881,1
2358,5875,5840,1
2359,5849,5907,0
2360,5827,5639,1
2361,5873,5898,1
2362,5838,5894,1
2363,5893,5914,0
2364,5740,5757,1
2365,5796,5828,1
2366,5741,5915,1
2367,5802,5801,1
2368,5832,5886,0
2369,5878,5890,0
2370,5852,5901,0
2371,5887,5912,0
2372,5900,5869,0
2373,5864,5830,1
2374,5867,5819,0
2375,5899,5906,1
2376,5833,5917,0
2377,5848,5892,0
2378,5826,5794,1
2379,5836,5913,1
2380,5842,5853,0
2381,5884,5905,0
2382,5904,5759,1
2383,5792,5818,0
2384,5790,5866,0
2385,5911,5856,1
2386,5909,5908,0
2387,5888,5880,1
2388,5879,5843,1
2389,5877,5723,1
2390,5831,5861,1
2391,5865,5868,0
2392,5896,5736,1
2393,5876,5903,0
2394,5820,5855,0
2395,5841,5874,0
2396,5804,5846,1
2397,5872,5902,0
2398,5862,5839,1
2399,5891,5889,0
2400,5838,5919,0
2401,5873,5639,1
2402,5748,5874,0
2403,5903,5917,1
2404,5759,5910,0
2405,5880,5830,0
2406,5740,5861,0
2407,5789,5846,0
2408,5907,5896,0
2409,5819,5828,1
2410,5879,5867,0
2411,5911,5757,1
2412,5882,5820,0
2413,5859,5889,0
2414,5723,5904,0
2415,5831,5877,0
2416,5801,5833,0
2417,5832,5884,0
2418,5893,5827,1
2419,5848,5804,0
2420,5872,5841,1
2421,5886,5892,0
2422,5836,5899,0
2423,5878,5901,0
2424,5792,5862,1
2425,5866,5839,1
2426,5897,5842,0
2427,5916,5852,1
2428,5786,5898,0
2429,5887,5826,1
2430,5736,5915,1
2431,5794,5818,0
2432,5909,5913,0
2433,5890,5906,1
2434,5843,5741,0
2435,5865,5869,0
2436,5860,5849,0
2437,5790,5856,0
2438,5855,5840,1
2439,5900,5902,0
2440,5894,5816,0
2441,5875,5802,0
2442,5876,5868,0
2443,5918,5905,0
2444,5885,5891,1
2445,5853,5881,1
2446,5888,5800,1
2447,5914,5908,1
2448,5796,5912,0
2449,5864,5895,0
2450,5736,5840,1
2451,5786,5912,0
2452,5911,5899,1
2453,5860,5909,0
2454,5907,5900,1
2455,5908,5902,0
2456,5861,5881,0
2457,5832,5901,0
2458,5896,5833,1
2459,5828,5874,0
2460,5887,5918,1
2461,5859,5826,1
2462,5862,5853,0
2463,5876,5919,0
2464,5885,5856,0
2465,5818,5748,1
2466,5917,5913,1
2467,5848,5794,1
2468,5801,5878,0
2469,5875,5849,1
2470,5741,5802,0
2471,5884,5790,1
2472,5915,5895,0
2473,5796,5897,1
2474,5877,5892,1
2475,5869,5820,1
2476,5759,5842,1
2477,5888,5893,1
2478,5740,5830,0
2479,5827,5886,1
2480,5865,5916,0
2481,5852,5903,0
2482,5838,5872,1
2483,5792,5831,0
2484,5864,5804,1
2485,5890,5839,1
2486,5914,5639,1
2487,5846,5880,0
2488,5898,5816,0
2489,5867,5879,1
2490,5836,5800,1
2491,5889,5906,1
2492,5866,5905,0
2493,5757,5882,0
2494,5789,5904,0
2495,5910,5894,1
2496,5873,5855,0
2497,5723,5843,1
2498,5819,5841,1
2499,5891,5868,0
2500,5893,5904,0
2501,5748,5820,0
2502,5840,5895,0
2503,5796,5855,0
2504,5832,5918,0
2505,5891,5866,1
2506,5786,5916,0
2507,5790,5919,0
2508,5757,5873,0
2509,5885,5909,1
2510,5868,5882,1
2511,5859,5884,0
2512,5899,5818,1
2513,5862,5911,0
2514,5872,5905,0
2515,5736,5894,1
2516,5792,5856,0
2517,5838,5910,0
2518,5903,5846,1
2519,5902,5831,1
2520,5897,5896,0
2521,5914,5827,1
2522,5913,5892,0
2523,5853,5876,1
2524,5869,5833,1
2525,5740,5830,0
2526,5908,5898,0
2527,5890,5841,1
2528,5874,5875,1
2529,5887,5816,1
2530,5842,5843,1
2531,5886,5759,0
2532,5836,5804,0
2533,5852,5839,1
2534,5819,5800,1
2535,5881,5888,0
2536,5900,5864,0
2537,5877,5828,1
2538,5878,5912,0
2539,5826,5801,1
2540,5907,5860,1
2541,5802,5880,1
2542,5789,5848,0
2543,5741,5723,1
2544,5861,5901,0
2545,5849,5915,0
2546,5889,5879,1
2547,5867,5917,1
2548,5794,5865,0
2549,5906,5639,1
2550,5886,5833,1
2551,5830,5908,1
2552,5853,5740,1
2553,5819,5887,1
2554,5639,5885,0
2555,5827,5890,0
2556,5866,5836,0
2557,5804,5918,1
2558,5874,5826,1
2559,5873,5916,1
2560,5892,5736,0
2561,5757,5896,0
2562,5852,5839,1
2563,5884,5792,1
2564,5846,5848,0
2565,5832,5838,0
2566,5881,5877,0
2567,5796,5862,1
2568,5906,5723,1
2569,5856,5898,1
2570,5899,5904,1
2571,5903,5907,1
2572,5909,5889,0
2573,5794,5914,0
2574,5880,5888,0
2575,5902,5802,1
2576,5842,5905,0
2577,5800,5911,0
2578,5748,5893,0
2579,5913,5759,0
2580,5861,5790,1
2581,5895,5786,1
2582,5816,5859,1
2583,5818,5865,1
2584,5910,5841,1
2585,5864,5820,1
2586,5876,5840,1
2587,5917,5801,1
2588,5878,5868,0
2589,5882,5919,0
2590,5860,5867,0
2591,5855,5875,1
2592,5900,5789,1
2593,5869,5828,1
2594,5897,5831,0
2595,5872,5894,1
2596,5879,5849,1
2597,5912,5891,1
2598,5915,5741,0
2599,5843,5901,0
2600,5840,5723,0
2601,5848,5900,1
2602,5801,5910,0
2603,5907,5827,1
2604,5802,5919,0
2605,5880,5757,1
2606,5872,5836,0
2607,5873,5833,1
2608,5800,5838,0
2609,5898,5819,0
2610,5866,5912,0
2611,5852,5891,1
2612,5911,5828,1
2613,5895,5882,1
2614,5878,5786,1
2615,5913,5861,0
2616,5856,5864,0
2617,5736,5914,1
2618,5839,5905,0
2619,5888,5896,0
2620,5820,5792,0
2621,5639,5794,0
2622,5740,5915,1
2623,5789,5909,1
2624,5874,5916,0
2625,5893,5892,0
2626,5897,5890,0
2627,5859,5759,0
2628,5804,5869,0
2629,5868,5849,1
2630,5741,5908,0
2631,5855,5903,1
2632,5832,5796,0
2633,5886,5748,1
2634,5830,5853,1
2635,5879,5841,1
2636,5885,5887,0
2637,5917,5846,1
2638,5881,5875,0
2639,5902,5790,1
2640,5877,5816,1
2641,5906,5818,0
2642,5876,5918,0
2643,5867,5889,1
2644,5826,5862,1
2645,5860,5904,0
2646,5901,5842,1
2647,5894,5899,0
2648,5843,5865,0
2649,5884,5831,0
2650,5843,5898,0
2651,5800,5804,0
2652,5909,5868,0
2653,5877,5872,1
2654,5873,5639,1
2655,5895,5869,1
2656,5901,5885,1
2657,5846,5875,0
2658,5736,5723,1
2659,5886,5826,1
2660,5905,5884,1
2661,5889,5912,1
2662,5841,5792,0
2663,5881,5853,0
2664,5849,5820,0
2665,5819,5907,1
2666,5887,5856,0
2667,5919,5839,1
2668,5876,5860,1
2669,5891,5794,1
2670,5915,5840,1
2671,5838,5874,0
2672,5882,5867,0
2673,5866,5914,0
2674,5904,5894,1
2675,5913,5852,0
2676,5897,5880,0
2677,5902,5757,1
2678,5831,5786,1
2679,5818,5828,1
2680,5865,5908,0
2681,5741,5878,0
2682,5892,5900,1
2683,5790,5796,0
2684,5859,5848,1
2685,5899,5740,1
2686,5842,5916,0
2687,5896,5918,1
2688,5759,5833,1
2689,5836,5893,0
2690,5888,5827,1
2691,5903,5862,1
2692,5906,5911,0
2693,5861,5830,0
2694,5910,5855,1
2695,5801,5748,0
2696,5789,5917,0
2697,5802,5832,1
2698,5879,5816,0
2699,5864,5890,1
2700,5909,5839,1
2701,5827,5876,0
2702,5830,5913,1
2703,5796,5852,1
2704,5820,5842,1
2705,5862,5848,0
2706,5855,5892,1
2707,5801,5906,0
2708,5868,5902,1
2709,5884,5860,1
2710,5736,5861,1
2711,5866,5800,1
2712,5918,5864,0
2713,5831,5881,1
2714,5849,5740,0
2715,5826,5889,0
2716,5914,5916,1
2717,5723,5904,0
2718,5846,5872,1
2719,5639,5911,0
2720,5886,5885,0
2721,5838,5878,1
2722,5786,5915,1
2723,5790,5887,0
2724,5898,5759,1
2725,5794,5893,0
2726,5894,5836,0
2727,5875,5899,0
2728,5757,5867,0
2729,5856,5802,0
2730,5901,5890,0
2731,5841,5879,0
2732,5840,5789,0
2733,5804,5903,0
2734,5895,5843,1
2735,5900,5832,0
2736,5907,5897,1
2737,5888,5819,0
2738,5919,5853,1
2739,5869,5880,1
2740,5917,5833,1
2741,5741,5882,0
2742,5873,5865,1
2743,5912,5908,1
2744,5874,5905,0
2745,5748,5891,0
2746,5877,5896,1
2747,5818,5828,1
2748,5792,5910,0
2749,5859,5816,0
2750,5892,5838,1
2751,5884,5902,0
2752,5905,5890,1
2753,5885,5911,0
2754,5879,5904,0
2755,5907,5910,0
2756,5816,5893,1
2757,5789,5873,0
2758,5872,5836,0
2759,5896,5796,1
2760,5848,5855,0
2761,5874,5833,1
2762,5887,5801,1
2763,5840,5891,0
2764,5853,5877,0
2765,5918,5846,1
2766,5878,5876,1
2767,5889,5802,0
2768,5736,5898,1
2769,5919,5759,1
2770,5914,5757,1
2771,5856,5830,0
2772,5804,5800,1
2773,5859,5860,1
2774,5901,5866,1
2775,5909,5894,0
2776,5843,5820,0
2777,5794,5826,0
2778,5864,5868,0
2779,5880,5861,1
2780,5748,5916,0
2781,5842,5790,1
2782,5881,5897,1
2783,5913,5786,0
2784,5792,5875,0
2785,5852,5723,1
2786,5832,5903,0
2787,5865,5906,0
2788,5828,5888,0
2789,5841,5912,0
2790,5886,5740,1
2791,5917,5839,1
2792,5899,5831,0
2793,5862,5819,0
2794,5915,5867,0
2795,5818,5908,1
2796,5900,5882,0
2797,5741,5827,0
2798,5849,5639,0
2799,5869,5895,0
2800,5802,5801,1
2801,5881,5918,1
2802,5736,5876,1
2803,5902,5800,1
2804,5908,5914,0
2805,5786,5891,1
2806,5872,5853,0
2807,5818,5867,0
2808,5855,5894,1
2809,5868,5906,1
2810,5890,5919,0
2811,5846,5866,1
2812,5865,5827,0
2813,5852,5859,1
2814,5816,5833,1
2815,5904,5848,1
2816,5912,5842,1
2817,5880,5740,1
2818,5826,5741,1
2819,5860,5878,0
2820,5901,5864,0
2821,5900,5911,0
2822,5820,5819,0
2823,5897,5849,1
2824,5796,5790,1
2825,5828,5830,0
2826,5882,5748,1
2827,5879,5915,1
2828,5899,5861,1
2829,5884,5873,0
2830,5840,5639,0
2831,5856,5886,1
2832,5877,5916,1
2833,5898,5885,1
2834,5804,5794,1
2835,5896,5789,1
2836,5838,5723,1
2837,5892,5887,0
2838,5759,5875,0
2839,5841,5893,0
2840,5913,5843,1
2841,5836,5832,1
2842,5895,5869,1
2843,5831,5909,1
2844,5839,5889,0
2845,5862,5874,0
2846,5907,5905,0
2847,5910,5917,1
2848,5757,5792,0
2849,5903,5888,1
2850,5886,5899,0
2851,5800,5902,0
2852,5906,5893,0
2853,5794,5836,0
2854,5907,5841,1
2855,5915,5879,0
2856,5878,5840,1
2857,5826,5890,0
2858,5849,5748,0
2859,5802,5918,1
2860,5896,5919,1
2861,5884,5801,1
2862,5880,5865,1
2863,5759,5885,1
2864,5894,5909,1
2865,5819,5887,1
2866,5839,5917,0
2867,5790,5816,0
2868,5866,5792,0
2869,5913,5862,1
2870,5852,5876,1
2871,5911,5855,0
2872,5868,5881,1
2873,5639,5804,0
2874,5908,5789,1
2875,5843,5877,0
2876,5786,5872,1
2877,5874,5875,1
2878,5832,5796,0
2879,5846,5736,0
2880,5828,5901,0
2881,5818,5905,0
2882,5848,5914,0
2883,5867,5882,1
2884,5898,5740,1
2885,5833,5910,0
2886,5860,5916,0
2887,5856,5861,1
2888,5853,5897,1
2889,5903,5842,1
2890,5889,5741,1
2891,5757,5838,0
2892,5859,5888,0
2893,5904,5827,1
2894,5895,5830,1
2895,5892,5873,0
2896,5820,5912,0
2897,5831,5900,1
2898,5869,5864,0
2899,5891,5723,1
2900,5874,5832,1
2901,5888,5827,1
2902,5723,5902,0
2903,5909,5900,0
2904,5820,5899,0
2905,5895,5840,1
2906,5740,5856,0
2907,5894,5796,0
2908,5838,5792,1
2909,5861,5848,1
2910,5919,5896,0
2911,5836,5912,0
2912,5846,5917,0
2913,5876,5875,0
2914,5800,5907,0
2915,5794,5843,0
2916,5864,5849,1
2917,5736,5878,1
2918,5914,5911,1
2919,5910,5872,1
2920,5842,5908,0
2921,5913,5789,1
2922,5879,5882,1
2923,5906,5804,0
2924,5868,5884,1
2925,5741,5867,0
2926,5786,5887,0
2927,5859,5890,0
2928,5830,5886,1
2929,5915,5865,0
2930,5873,5892,1
2931,5898,5905,0
2932,5916,5891,1
2933,5748,5852,0
2934,5853,5833,1
2935,5904,5881,1
2936,5901,5759,1
2937,5855,5790,1
2938,5818,5880,1
2939,5877,5802,1
2940,5889,5885,1
2941,5866,5831,0
2942,5828,5816,0
2943,5862,5826,0
2944,5757,5893,0
2945,5639,5860,1
2946,5819,5903,1
2947,5869,5839,1
2948,5801,5841,1
2949,5897,5918,0
2950,5880,5736,0
2951,5856,5897,1
2952,5875,5849,1
2953,5842,5862,1
2954,5885,5901,0
2955,5846,5855,0
2956,5836,5890,0
2957,5830,5908,1
2958,5886,5906,0
2959,5876,5818,0
2960,5893,5848,1
2961,5895,5819,1
2962,5741,5915,1
2963,5917,5865,1
2964,5841,5918,0
2965,5859,5840,1
2966,5892,5816,0
2967,5740,5839,1
2968,5909,5878,0
2969,5899,5827,1
2970,5889,5853,1
2971,5828,5902,0
2972,5884,5911,0
2973,5905,5792,1
2974,5864,5904,1
2975,5912,5919,0
2976,5874,5802,0
2977,5789,5882,0
2978,5833,5914,0
2979,5872,5831,0
2980,5861,5907,0
2981,5869,5723,1
2982,5891,5866,1
2983,5748,5826,1
2984,5894,5881,0
2985,5790,5910,0
2986,5852,5877,0
2987,5820,5800,1
2988,5786,5896,0
2989,5887,5843,1
2990,5916,5759,1
2991,5757,5832,0
2992,5801,5868,0
2993,5838,5796,0
2994,5639,5903,0
2995,5860,5873,0
2996,5913,5888,0
2997,5879,5898,0
2998,5804,5900,1
2999,5867,5794,1
3000,5862,5886,0
3001,5848,5903,0
3002,5895,5876,1
3003,5818,5878,1
3004,5830,5804,1
3005,5908,5892,0
3006,5910,5896,0
3007,5916,5901,1
3008,5914,5827,1
3009,5856,5759,1
3010,5757,5865,0
3011,5800,5884,0
3012,5846,5909,1
3013,5879,5888,0
3014,5867,5852,1
3015,5838,5898,0
3016,5882,5869,0
3017,5836,5840,1
3018,5917,5816,0
3019,5918,5819,0
3020,5802,5826,1
3021,5860,5723,0
3022,5853,5890,0
3023,5748,5919,0
3024,5801,5861,0
3025,5900,5904,0
3026,5792,5839,1
3027,5913,5832,0
3028,5833,5736,0
3029,5796,5893,1
3030,5880,5905,0
3031,5877,5849,1
3032,5639,5897,0
3033,5842,5859,0
3034,5889,5864,0
3035,5902,5881,1
3036,5820,5885,1
3037,5912,5911,0
3038,5894,5790,1
3039,5874,5794,1
3040,5891,5866,1
3041,5855,5868,0
3042,5789,5887,0
3043,5741,5906,0
3044,5907,5872,1
3045,5915,5786,0
3046,5843,5873,0
3047,5831,5828,1
3048,5841,5899,0
3049,5875,5740,1
3050,5868,5802,1
3051,5904,5887,1
3052,5899,5874,1
3053,5919,5872,1
3054,5906,5912,0
3055,5884,5856,0
3056,5804,5839,1
3057,5836,5914,0
3058,5873,5888,1
3059,5894,5875,0
3060,5789,5892,0
3061,5907,5853,0
3062,5820,5849,1
3063,5723,5897,0
3064,5878,5818,0
3065,5741,5639,1
3066,5843,5893,0
3067,5905,5833,1
3068,5794,5830,0
3069,5864,5882,1
3070,5865,5867,0
3071,5876,5790,1
3072,5869,5896,0
3073,5913,5903,0
3074,5740,5759,0
3075,5866,5885,0
3076,5862,5861,0
3077,5846,5786,0
3078,5819,5902,1
3079,5859,5898,0
3080,5889,5890,1
3081,5891,5900,1
3082,5838,5879,1
3083,5881,5915,1
3084,5832,5848,0
3085,5840,5736,0
3086,5792,5827,1
3087,5886,5748,1
3088,5757,5909,1
3089,5828,5841,1
3090,5901,5831,0
3091,5860,5918,0
3092,5895,5855,1
3093,5917,5801,1
3094,5816,5911,0
3095,5916,5877,0
3096,5796,5908,1
3097,5800,5842,0
3098,5910,5826,1
3099,5880,5852,1
3100,5794,5878,0
3101,5915,5833,0
3102,5872,5723,1
3103,5843,5884,0
3104,5848,5832,1
3105,5736,5792,1
3106,5880,5639,1
3107,5900,5790,1
3108,5916,5882,1
3109,5867,5879,1
3110,5853,5836,1
3111,5839,5912,0
3112,5818,5902,0
3113,5901,5875,1
3114,5804,5898,0
3115,5757,5866,0
3116,5917,5831,0
3117,5748,5841,1
3118,5789,5862,0
3119,5897,5895,0
3120,5840,5877,0
3121,5855,5800,1
3122,5869,5892,1
3123,5881,5911,0
3124,5846,5861,0
3125,5868,5889,1
3126,5826,5838,0
3127,5891,5796,0
3128,5893,5864,0
3129,5899,5873,0
3130,5830,5876,1
3131,5904,5890,1
3132,5886,5919,0
3133,5865,5786,0
3134,5856,5802,0
3135,5909,5913,0
3136,5894,5859,0
3137,5740,5827,0
3138,5905,5828,1
3139,5906,5849,1
3140,5741,5819,0
3141,5820,5842,1
3142,5908,5910,0
3143,5816,5896,0
3144,5860,5885,0
3145,5852,5903,0
3146,5759,5801,1
3147,5874,5907,1
3148,5888,5918,1
3149,5887,5914,0
3150,5827,5836,0
3151,5881,5828,0
3152,5875,5830,0
3153,5838,5882,1
3154,5792,5859,1
3155,5919,5856,1
3156,5853,5842,1
3157,5786,5816,0
3158,5819,5890,1
3159,5818,5912,0
3160,5841,5903,0
3161,5748,5879,0
3162,5759,5804,0
3163,5831,5901,1
3164,5868,5723,1
3165,5820,5906,1
3166,5867,5893,1
3167,5861,5891,1
3168,5884,5886,1
3169,5894,5911,0
3170,5872,5848,0
3171,5896,5789,1
3172,5907,5869,0
3173,5914,5736,0
3174,5796,5877,0
3175,5900,5880,0
3176,5892,5873,0
3177,5885,5876,0
3178,5915,5846,0
3179,5910,5833,1
3180,5899,5800,1
3181,5826,5913,1
3182,5832,5860,1
3183,5878,5740,1
3184,5790,5802,0
3185,5916,5794,1
3186,5843,5895,0
3187,5905,5864,1
3188,5852,5904,0
3189,5874,5865,1
3190,5840,5888,0
3191,5918,5908,1
3192,5849,5639,0
3193,5898,5902,0
3194,5757,5855,0
3195,5801,5917,0
3196,5909,5862,0
3197,5889,5887,1
3198,5741,5866,1
3199,5897,5839,1
3200,5855,5868,0
3201,5789,5862,0
3202,5826,5880,0
3203,5869,5786,1
3204,5865,5897,1
3205,5723,5895,0
3206,5918,5914,0
3207,5891,5884,0
3208,5848,5853,0
3209,5896,5796,1
3210,5801,5740,0
3211,5906,5877,0
3212,5917,5900,1
3213,5827,5846,1
3214,5856,5866,1
3215,5831,5910,0
3216,5913,5901,0
3217,5899,5879,1
3218,5886,5841,1
3219,5736,5903,1
3220,5878,5849,1
3221,5861,5833,1
3222,5792,5876,1
3223,5839,5757,0
3224,5816,5919,0
3225,5860,5830,0
3226,5867,5905,0
3227,5741,5836,0
3228,5794,5915,0
3229,5890,5818,0
3230,5893,5819,0
3231,5790,5859,0
3232,5843,5800,1
3233,5832,5838,0
3234,5874,5887,0
3235,5804,5904,0
3236,5820,5909,1
3237,5888,5885,1
3238,5873,5894,1
3239,5828,5912,0
3240,5802,5889,1
3241,5759,5902,0
3242,5907,5840,1
3243,5842,5639,1
3244,5908,5881,0
3245,5872,5864,0
3246,5898,5911,0
3247,5852,5748,1
3248,5882,5875,0
3249,5892,5916,0
3250,5794,5894,0
3251,5898,5861,1
3252,5819,5902,1
3253,5853,5868,0
3254,5896,5904,1
3255,5872,5901,0
3256,5801,5800,1
3257,5802,5832,1
3258,5796,5876,1
3259,5840,5855,0
3260,5874,5849,1
3261,5833,5878,0
3262,5877,5917,1
3263,5886,5888,0
3264,5908,5905,0
3265,5790,5880,0
3266,5907,5918,1
3267,5899,5900,1
3268,5866,5865,0
3269,5869,5912,0
3270,5911,5741,1
3271,5889,5848,1
3272,5757,5826,0
3273,5828,5839,1
3274,5859,5786,0
3275,5887,5830,0
3276,5890,5740,1
3277,5843,5842,0
3278,5736,5864,1
3279,5916,5820,1
3280,5804,5827,1
3281,5860,5856,0
3282,5723,5846,0
3283,5892,5862,1
3284,5759,5915,1
3285,5909,5906,0
3286,5818,5914,0
3287,5885,5816,0
3288,5852,5789,1
3289,5913,5919,0
3290,5875,5881,1
3291,5838,5748,1
3292,5867,5873,1
3293,5792,5903,0
3294,5891,5910,0
3295,5639,5831,0
3296,5841,5882,0
3297,5836,5897,1
3298,5879,5893,1
3299,5884,5895,0
3300,5740,5919,0
3301,5842,5741,1
3302,5866,5905,0
3303,5864,5856,1
3304,5839,5880,0
3305,5869,5802,0
3306,5859,5849,1
3307,5789,5878,0
3308,5848,5796,0
3309,5860,5875,0
3310,5903,5843,1
3311,5887,5868,0
3312,5881,5898,0
3313,5877,5790,1
3314,5827,5831,0
3315,5915,5917,0
3316,5910,5893,1
3317,5888,5894,1
3318,5900,5852,0
3319,5757,5891,0
3320,5909,5882,0
3321,5876,5886,1
3322,5759,5865,1
3323,5916,5819,0
3324,5828,5918,1
3325,5748,5912,0
3326,5723,5907,0
3327,5818,5902,0
3328,5867,5816,1
3329,5800,5833,0
3330,5895,5906,1
3331,5786,5872,1
3332,5899,5736,0
3333,5890,5885,1
3334,5639,5826,0
3335,5874,5904,0
3336,5897,5804,0
3337,5908,5801,1
3338,5838,5873,0
3339,5794,5841,1
3340,5830,5913,1
3341,5901,5832,1
3342,5896,5892,1
3343,5889,5792,1
3344,5884,5853,0
3345,5914,5879,1
3346,5861,5820,0
3347,5846,5911,0
3348,5855,5836,1
3349,5840,5862,0
3350,5862,5840,1
3351,5740,5891,0
3352,5866,5895,0
3353,5849,5833,0
3354,5819,5786,1
3355,5832,5875,0
3356,5861,5723,1
3357,5869,5879,1
3358,5881,5792,0
3359,5909,5888,0
3360,5859,5794,1
3361,5846,5890,0
3362,5896,5874,1
3363,5889,5899,1
3364,5917,5918,1
3365,5826,5868,0
3366,5916,5843,1
3367,5830,5818,0
3368,5886,5878,0
3369,5802,5856,1
3370,5748,5820,0
3371,5848,5892,0
3372,5893,5872,1
3373,5790,5736,0
3374,5836,5903,0
3375,5865,5839,1
3376,5860,5887,0
3377,5884,5880,1
3378,5831,5911,1
3379,5915,5873,0
3380,5867,5885,1
3381,5864,5741,1
3382,5800,5876,0
3383,5882,5855,0
3384,5914,5828,1
3385,5904,5906,1
3386,5757,5842,0
3387,5919,5910,0
3388,5897,5639,1
3389,5905,5816,1
3390,5913,5804,0
3391,5898,5894,1
3392,5901,5902,0
3393,5801,5789,1
3394,5838,5900,1
3395,5853,5759,1
3396,5908,5877,0
3397,5796,5907,1
3398,5912,5852,1
3399,5841,5827,0
3400,5908,5741,1
3401,5860,5887,0
3402,5915,5855,0
3403,5833,5874,0
3404,5872,5804,0
3405,5796,5919,0
3406,5918,5759,1
3407,5816,5866,1
3408,5912,5861,1
3409,5840,5856,0
3410,5892,5790,1
3411,5890,5867,0
3412,5911,5904,1
3413,5885,5864,0
3414,5888,5899,0
3415,5865,5853,0
3416,5900,5852,0
3417,5862,5848,0
3418,5905,5910,1
3419,5893,5886,1
3420,5639,5826,0
3421,5846,5800,1
3422,5879,5868,0
3423,5859,5882,1
3424,5914,5831,1
3425,5849,5839,1
3426,5830,5891,1
3427,5881,5832,1
3428,5794,5736,0
3429,5843,5841,1
3430,5880,5909,1
3431,5902,5869,1
3432,5828,5906,1
3433,5873,5897,1
3434,5819,5913,1
3435,5802,5740,1
3436,5884,5876,1
3437,5792,5820,1
3438,5801,5907,0
3439,5818,5838,1
3440,5842,5895,0
3441,5827,5723,1
3442,5896,5836,1
3443,5875,5917,1
3444,5903,5894,1
3445,5757,5898,0
3446,5748,5877,0
3447,5901,5889,0
3448,5786,5916,0
3449,5878,5789,1
3450,5917,5827,1
3451,5794,5910,0
3452,5913,5789,1
3453,5901,5867,0
3454,5828,5909,1
3455,5916,5886,1
3456,5887,5881,1
3457,5831,5908,1
3458,5898,5914,0
3459,5830,5852,1
3460,5903,5880,1
3461,5882,5859,0
3462,5826,5842,0
3463,5911,5912,1
3464,5899,5840,1
3465,5888,5885,1
3466,5796,5877,0
3467,5876,5900,1
3468,5839,5819,0
3469,5864,5792,1
3470,5801,5802,0
3471,5748,5861,0
3472,5816,5741,1
3473,5856,5869,0
3474,5884,5853,0
3475,5906,5757,1
3476,5915,5865,0
3477,5907,5838,1
3478,5892,5872,1
3479,5736,5918,1
3480,5896,5895,1
3481,5818,5790,1
3482,5848,5862,1
3483,5846,5639,1
3484,5879,5800,1
3485,5919,5866,1
3486,5855,5890,1
3487,5843,5833,0
3488,5891,5873,0
3489,5786,5836,1
3490,5905,5841,1
3491,5894,5889,0
3492,5897,5868,0
3493,5860,5740,0
3494,5820,5723,1
3495,5849,5902,0
3496,5804,5904,0
3497,5874,5878,1
3498,5832,5759,0
3499,5875,5893,1
3500,5866,5748,0
3501,5885,5836,0
3502,5880,5887,0
3503,5893,5873,0
3504,5827,5908,1
3505,5820,5741,1
3506,5860,5852,0
3507,5826,5861,0
3508,5794,5892,0
3509,5859,5865,1
3510,5882,5841,1
3511,5842,5897,1
3512,5874,5878,1
3513,5869,5910,0
3514,5838,5832,1
3515,5802,5890,1
3516,5914,5916,1
3517,5801,5848,0
3518,5819,5804,1
3519,5864,5917,1
3520,5849,5736,0
3521,5757,5907,0
3522,5904,5877,0
3523,5723,5840,1
3524,5888,5912,0
3525,5889,5831,0
3526,5868,5855,1
3527,5833,5919,0
3528,5872,5896,0
3529,5830,5862,1
3530,5839,5828,0
3531,5903,5846,1
3532,5886,5875,0
3533,5789,5800,1
3534,5796,5818,0
3535,5909,5790,1
3536,5879,5639,1
3537,5759,5843,1
3538,5898,5894,1
3539,5906,5911,0
3540,5899,5918,1
3541,5891,5876,0
3542,5792,5905,0
3543,5895,5884,1
3544,5915,5853,0
3545,5913,5856,0
3546,5902,5881,1
3547,5901,5900,1
3548,5786,5740,1
3549,5816,5867,0
3550,5849,5843,0
3551,5867,5888,1
3552,5736,5891,1
3553,5800,5790,0
3554,5906,5789,1
3555,5830,5840,1
3556,5868,5902,1
3557,5861,5841,1
3558,5796,5900,1
3559,5897,5872,1
3560,5748,5911,0
3561,5869,5802,0
3562,5838,5918,1
3563,5833,5901,0
3564,5881,5905,0
3565,5877,5856,1
3566,5875,5914,0
3567,5890,5899,0
3568,5895,5879,1
3569,5873,5855,0
3570,5839,5818,0
3571,5862,5859,0
3572,5826,5893,0
3573,5848,5831,0
3574,5786,5860,1
3575,5917,5852,1
3576,5919,5880,1
3577,5894,5740,0
3578,5828,5639,1
3579,5904,5882,1
3580,5913,5898,0
3581,5876,5874,0
3582,5886,5866,1
3583,5819,5794,1
3584,5820,5804,0
3585,5910,5842,1
3586,5816,5759,1
3587,5884,5757,1
3588,5907,5892,0
3589,5865,5741,1
3590,5853,5885,1
3591,5836,5864,0
3592,5887,5889,0
3593,5916,5908,1
3594,5723,5878,0
3595,5896,5801,1
3596,5846,5832,1
3597,5792,5903,0
3598,5909,5827,0
3599,5915,5912,0
3600,5828,5827,1
3601,5859,5840,1
3602,5914,5910,0
3603,5893,5885,1
3604,5881,5917,0
3605,5846,5901,0
3606,5916,5740,1
3607,5890,5904,0
3608,5899,5892,1
3609,5843,5794,1
3610,5865,5891,0
3611,5852,5872,1
3612,5900,5736,0
3613,5877,5895,1
3614,5792,5902,0
3615,5884,5862,1
3616,5882,5639,1
3617,5816,5915,1
3618,5804,5919,0
3619,5880,5875,0
3620,5855,5905,0
3621,5874,5830,0
3622,5889,5912,1
3623,5849,5759,0
3624,5856,5848,1
3625,5909,5790,1
3626,5786,5908,1
3627,5757,5831,0
3628,5878,5861,1
3629,5887,5888,1
3630,5748,5860,1
3631,5802,5801,1
3632,5723,5898,0
3633,5873,5903,1
3634,5896,5907,1
3635,5866,5864,0
3636,5836,5879,0
3637,5868,5867,1
3638,5839,5913,0
3639,5869,5820,1
3640,5796,5789,1
3641,5876,5906,1
3642,5800,5911,0
3643,5838,5741,1
3644,5886,5819,0
3645,5894,5897,0
3646,5841,5818,0
3647,5842,5826,1
3648,5832,5853,0
3649,5918,5833,1
3650,5639,5915,0
3651,5796,5886,1
3652,5827,5908,1
3653,5853,5904,0
3654,5867,5839,1
3655,5832,5911,0
3656,5893,5905,0
3657,5842,5875,0
3658,5907,5873,0
3659,5801,5856,0
3660,5880,5900,1
3661,5846,5804,0
3662,5740,5841,1
3663,5874,5889,0
3664,5913,5833,0
3665,5819,5899,1
3666,5881,5864,0
3667,5906,5800,1
3668,5786,5872,1
3669,5820,5918,0
3670,5757,5903,0
3671,5723,5914,0
3672,5912,5759,1
3673,5794,5897,0
3674,5910,5882,1
3675,5894,5909,1
3676,5849,5888,0
3677,5836,5826,1
3678,5840,5830,0
3679,5790,5843,0
3680,5898,5831,0
3681,5860,5869,0
3682,5818,5902,0
3683,5862,5816,0
3684,5848,5802,0
3685,5828,5865,1
3686,5789,5895,0
3687,5901,5919,0
3688,5891,5748,1
3689,5792,5878,1
3690,5861,5884,0
3691,5890,5887,1
3692,5741,5917,0
3693,5892,5876,1
3694,5838,5866,1
3695,5852,5916,0
3696,5736,5879,1
3697,5859,5885,1
3698,5896,5868,1
3699,5877,5855,1
3700,5852,5860,1
3701,5856,5874,1
3702,5919,5873,1
3703,5830,5869,1
3704,5912,5828,1
3705,5859,5866,1
3706,5896,5804,1
3707,5899,5853,1
3708,5879,5820,1
3709,5789,5894,0
3710,5639,5800,1
3711,5911,5826,1
3712,5877,5909,1
3713,5907,5867,0
3714,5846,5723,1
3715,5831,5901,1
3716,5892,5886,1
3717,5917,5876,1
3718,5908,5855,0
3719,5913,5890,0
3720,5832,5833,1
3721,5802,5900,1
3722,5881,5790,1
3723,5914,5796,1
3724,5792,5897,1
3725,5903,5882,1
3726,5865,5861,0
3727,5893,5885,1
3728,5816,5904,0
3729,5875,5794,1
3730,5918,5827,1
3731,5842,5862,1
3732,5849,5895,0
3733,5838,5740,1
3734,5889,5748,1
3735,5843,5887,0
3736,5741,5906,0
3737,5868,5880,1
3738,5836,5839,1
3739,5801,5915,0
3740,5840,5736,0
3741,5905,5916,1
3742,5818,5910,0
3743,5884,5878,1
3744,5864,5757,1
3745,5848,5786,0
3746,5841,5902,0
3747,5898,5891,1
3748,5819,5888,1
3749,5759,5872,1
3750,5895,5891,1
3751,5879,5874,0
3752,5842,5859,0
3753,5860,5872,0
3754,5905,5876,1
3755,5892,5792,1
3756,5820,5827,1
3757,5855,5903,1
3758,5915,5861,0
3759,5862,5885,0
3760,5893,5741,1
3761,5912,5843,1
3762,5831,5908,1
3763,5740,5882,0
3764,5890,5796,0
3765,5899,5723,1
3766,5819,5800,1
3767,5639,5757,0
3768,5866,5790,1
3769,5867,5887,1
3770,5849,5816,0
3771,5889,5836,1
3772,5868,5918,1
3773,5869,5902,0
3774,5833,5898,0
3775,5880,5888,0
3776,5841,5919,0
3777,5914,5909,1
3778,5904,5886,1
3779,5878,5818,0
3780,5736,5786,1
3781,5910,5846,1
3782,5801,5748,0
3783,5911,5852,1
3784,5832,5848,0
3785,5828,5884,0
3786,5839,5856,0
3787,5906,5802,0
3788,5894,5830,0
3789,5901,5881,1
3790,5907,5789,1
3791,5865,5875,0
3792,5794,5877,0
3793,5804,5900,1
3794,5853,5873,0
3795,5897,5826,1
3796,5916,5917,1
3797,5838,5864,0
3798,5759,5896,0
3799,5913,5840,1
3800,5876,5855,0
3801,5796,5820,1
3802,5861,5832,1
3803,5841,5895,0
3804,5901,5908,1
3805,5902,5736,0
3806,5869,5892,1
3807,5907,5906,1
3808,5792,5903,0
3809,5886,5917,0
3810,5912,5794,1
3811,5872,5843,1
3812,5740,5831,0
3813,5860,5884,0
3814,5866,5882,0
3815,5890,5833,1
3816,5839,5885,0
3817,5918,5864,0
3818,5800,5896,0
3819,5874,5846,1
3820,5879,5881,0
3821,5897,5802,0
3822,5786,5840,1
3823,5868,5887,1
3824,5790,5804,0
3825,5789,5891,0
3826,5723,5741,0
3827,5888,5877,0
3828,5859,5862,1
3829,5826,5818,0
3830,5916,5894,1
3831,5828,5801,1
3832,5914,5900,1
3833,5836,5904,0
3834,5909,5880,0
3835,5819,5830,1
3836,5875,5865,1
3837,5919,5867,1
3838,5853,5639,1
3839,5827,5899,0
3840,5759,5873,0
3841,5852,5842,1
3842,5848,5910,0
3843,5856,5838,1
3844,5905,5757,1
3845,5898,5893,1
3846,5889,5816,1
3847,5748,5913,1
3848,5915,5849,1
3849,5911,5878,1
3850,5723,5894,1
3851,5748,5819,0
3852,5820,5899,0
3853,5862,5889,0
3854,5828,5901,0
3855,5842,5843,1
3856,5757,5900,0
3857,5841,5919,0
3858,5918,5887,0
3859,5896,5840,1
3860,5868,5741,1
3861,5890,5833,1
3862,5786,5856,0
3863,5866,5801,1
3864,5888,5881,1
3865,5849,5893,0
3866,5864,5846,1
3867,5897,5869,0
3868,5800,5861,0
3869,5796,5903,1
3870,5848,5816,0
3871,5878,5882,1
3872,5873,5884,1
3873,5904,5839,1
3874,5872,5879,0
3875,5917,5875,0
3876,5759,5911,0
3877,5885,5818,0
3878,5886,5802,0
3879,5865,5874,0
3880,5804,5907,0
3881,5853,5789,1
3882,5830,5892,1
3883,5908,5740,1
3884,5859,5860,1
3885,5838,5852,1
3886,5792,5898,0
3887,5915,5906,0
3888,5912,5736,0
3889,5913,5910,0
3890,5916,5832,1
3891,5876,5909,1
3892,5902,5895,0
3893,5905,5855,1
3894,5827,5790,1
3895,5880,5794,1
3896,5831,5877,0
3897,5826,5836,0
3898,5639,5891,0
3899,5867,5914,0
3900,5910,5893,1
3901,5827,5882,1
3902,5894,5855,0
3903,5902,5903,1
3904,5802,5879,1
3905,5757,5889,0
3906,5877,5789,1
3907,5913,5895,0
3908,5862,5820,0
3909,5886,5867,0
3910,5868,5887,1
3911,5838,5876,1
3912,5919,5878,1
3913,5741,5816,0
3914,5792,5860,1
3915,5914,5896,0
3916,5839,5831,0
3917,5853,5888,1
3918,5891,5880,0
3919,5916,5856,1
3920,5801,5917,0
3921,5865,5875,0
3922,5736,5848,1
3923,5906,5904,0
3924,5912,5842,1
3925,5869,5909,1
3926,5905,5897,1
3927,5859,5864,0
3928,5794,5873,0
3929,5849,5819,0
3930,5836,5861,1
3931,5841,5723,0
3932,5828,5898,0
3933,5852,5908,1
3934,5800,5740,0
3935,5899,5866,1
3936,5918,5840,1
3937,5826,5804,0
3938,5759,5786,0
3939,5748,5890,0
3940,5818,5881,1
3941,5874,5892,1
3942,5796,5911,0
3943,5885,5872,1
3944,5900,5907,0
3945,5830,5901,1
3946,5790,5833,0
3947,5843,5832,0
3948,5639,5846,0
3949,5884,5915,1
3950,5839,5904,0
3951,5868,5846,1
3952,5913,5915,1
3953,5861,5893,0
3954,5882,5890,0
3955,5794,5804,0
3956,5832,5853,0
3957,5898,5892,1
3958,5831,5912,1
3959,5872,5878,0
3960,5916,5909,1
3961,5836,5886,1
3962,5833,5741,1
3963,5880,5919,0
3964,5859,5910,0
3965,5897,5786,0
3966,5866,5914,0
3967,5757,5891,0
3968,5899,5830,1
3969,5888,5800,1
3970,5864,5869,1
3971,5903,5852,1
3972,5838,5884,0
3973,5828,5818,0
3974,5905,5849,1
3975,5902,5874,1
3976,5885,5748,1
3977,5907,5887,0
3978,5860,5759,0
3979,5865,5862,1
3980,5820,5843,1
3981,5816,5802,0
3982,5740,5826,1
3983,5792,5894,1
3984,5801,5873,0
3985,5736,5875,1
3986,5848,5918,0
3987,5895,5896,0
3988,5840,5841,0
3989,5917,5881,1
3990,5879,5796,0
3991,5639,5819,0
3992,5908,5901,0
3993,5842,5789,1
3994,5889,5723,1
3995,5790,5900,0
3996,5906,5867,0
3997,5877,5827,1
3998,5911,5855,0
3999,5876,5856,0
4000,5801,5804,0
4001,5862,5904,0
4002,5855,5880,1
4003,5736,5874,1
4004,5748,5843,1
4005,5818,5890,1
4006,5819,5832,1
4007,5836,5915,1
4008,5800,5879,0
4009,5741,5899,0
4010,5919,5860,1
4011,5831,5816,1
4012,5916,5900,1
4013,5865,5882,0
4014,5908,5917,0
4015,5906,5877,0
4016,5723,5898,0
4017,5875,5840,1
4018,5895,5852,1
4019,5911,5868,0
4020,5889,5913,1
4021,5826,5830,0
4022,5884,5827,1
4023,5786,5841,1
4024,5790,5887,0
4025,5794,5888,0
4026,5873,5864,0
4027,5838,5861,1
4028,5914,5905,0
4029,5759,5853,0
4030,5802,5833,1
4031,5872,5907,0
4032,5881,5639,1
4033,5856,5869,0
4034,5848,5820,0
4035,5885,5866,1
4036,5892,5918,1
4037,5896,5893,1
4038,5867,5878,1
4039,5910,5839,1
4040,5894,5789,1
4041,5912,5828,1
4042,5909,5859,0
4043,5846,5891,1
4044,5792,5757,1
4045,5842,5897,1
4046,5796,5849,1
4047,5740,5903,0
4048,5886,5901,0
4049,5902,5876,1
4050,5842,5820,0
4051,5826,5919,0
4052,5843,5830,0
4053,5881,5802,0
4054,5889,5903,1
4055,5800,5794,0
4056,5867,5873,1
4057,5902,5890,1
4058,5741,5885,0
4059,5909,5907,0
4060,5904,5833,1
4061,5859,5914,0
4062,5639,5917,0
4063,5876,5723,1
4064,5856,5759,1
4065,5789,5896,0
4066,5853,5836,1
4067,5736,5841,1
4068,5838,5916,0
4069,5879,5839,1
4070,5911,5912,1
4071,5855,5874,1
4072,5804,5910,0
4073,5790,5864,0
4074,5748,5852,0
4075,5884,5827,1
4076,5866,5796,0
4077,5819,5901,1
4078,5828,5905,0
4079,5840,5880,0
4080,5868,5900,1
4081,5832,5818,0
4082,5908,5906,0
4083,5892,5861,1
4084,5848,5913,1
4085,5893,5816,0
4086,5865,5878,0
4087,5894,5860,1
4088,5886,5792,0
4089,5877,5786,1
4090,5801,5757,1
4091,5899,5888,1
4092,5740,5895,0
4093,5869,5915,1
4094,5898,5862,1
4095,5872,5891,0
4096,5918,5849,1
4097,5897,5846,0
4098,5882,5831,0
4099,5887,5875,1
4100,5639,5911,0
4101,5896,5792,1
4102,5868,5914,1
4103,5879,5875,0
4104,5839,5904,0
4105,5876,5786,0
4106,5849,5840,1
4107,5827,5826,1
4108,5909,5878,0
4109,5898,5917,1
4110,5894,5913,0
4111,5862,5912,0
4112,5836,5853,0
4113,5872,5902,0
4114,5723,5903,0
4115,5832,5741,1
4116,5820,5800,1
4117,5915,5889,0
4118,5819,5838,1
4119,5848,5886,0
4120,5804,5833,1
4121,5831,5901,1
4122,5794,5759,0
4123,5789,5843,0
4124,5866,5891,0
4125,5874,5890,0
4126,5892,5856,0
4127,5796,5910,0
4128,5905,5869,1
4129,5841,5888,0
4130,5884,5790,1
4131,5897,5852,0
4132,5861,5860,1
4133,5830,5864,0
4134,5855,5801,1
4135,5859,5908,1
4136,5899,5828,1
4137,5816,5881,1
4138,5867,5846,1
4139,5907,5882,1
4140,5895,5802,1
4141,5877,5906,1
4142,5842,5865,1
4143,5887,5748,1
4144,5740,5880,0
4145,5919,5893,1
4146,5736,5916,1
4147,5757,5873,0
4148,5900,5818,0
4149,5885,5918,0
4150,5838,5828,1
4151,5859,5639,1
4152,5856,5891,1
4153,5867,5831,1
4154,5792,5786,1
4155,5884,5894,1
4156,5855,5830,1
4157,5876,5826,1
4158,5911,5723,1
4159,5890,5917,1
4160,5915,5804,0
4161,5843,5836,0
4162,5816,5790,1
4163,5916,5796,1
4164,5887,5902,0
4165,5800,5910,0
4166,5748,5914,0
4167,5873,5827,1
4168,5878,5820,1
4169,5861,5877,0
4170,5832,5759,0
4171,5740,5908,0
4172,5819,5893,1
4173,5892,5757,1
4174,5919,5868,0
4175,5885,5833,1
4176,5898,5904,0
4177,5789,5736,0
4178,5864,5897,1
4179,5913,5889,0
4180,5818,5912,0
4181,5918,5869,0
4182,5907,5849,1
4183,5860,5852,0
4184,5741,5865,0
4185,5875,5906,1
4186,5899,5881,1
4187,5872,5895,0
4188,5888,5840,1
4189,5848,5842,1
4190,5801,5866,0
4191,5909,5903,0
4192,5862,5896,0
4193,5886,5839,1
4194,5846,5874,0
4195,5879,5882,1
4196,5802,5841,1
4197,5880,5901,0
4198,5853,5794,1
4199,5905,5900,1
4200,5831,5876,1
4201,5741,5843,1
4202,5792,5892,0
4203,5867,5736,0
4204,5895,5838,1
4205,5919,5875,1
4206,5912,5796,1
4207,5906,5905,0
4208,5816,5890,0
4209,5827,5878,0
4210,5907,5884,0
4211,5786,5908,1
4212,5855,5861,1
4213,5914,5820,1
4214,5900,5826,0
4215,5916,5833,1
4216,5896,5917,1
4217,5818,5819,0
4218,5898,5869,0
4219,5873,5723,1
4220,5897,5915,1
4221,5893,5740,1
4222,5880,5859,1
4223,5849,5757,0
4224,5872,5852,0
4225,5913,5903,0
4226,5881,5800,1
4227,5748,5759,0
4228,5789,5911,0
4229,5853,5877,0
4230,5830,5888,1
4231,5839,5879,0
4232,5868,5865,1
4233,5901,5904,0
4234,5842,5885,0
4235,5802,5840,1
4236,5804,5848,1
4237,5887,5909,1
4238,5846,5874,0
4239,5918,5886,1
4240,5801,5910,0
4241,5794,5790,1
4242,5856,5862,1
4243,5891,5841,1
4244,5639,5902,0
4245,5899,5866,1
4246,5860,5864,0
4247,5836,5832,1
4248,5894,5882,0
4249,5828,5889,0
4250,5838,5826,1
4251,5842,5804,0
4252,5639,5880,0
4253,5819,5757,1
4254,5913,5830,0
4255,5820,5856,0
4256,5877,5853,1
4257,5900,5875,0
4258,5884,5873,0
4259,5901,5918,1
4260,5868,5786,1
4261,5892,5902,0
4262,5818,5898,1
4263,5860,5878,0
4264,5919,5874,1
4265,5887,5741,1
4266,5867,5889,1
4267,5792,5748,1
4268,5831,5908,1
4269,5801,5906,0
4270,5916,5841,1
4271,5723,5832,0
4272,5917,5903,0
4273,5816,5888,1
4274,5881,5802,0
4275,5740,5872,1
4276,5800,5891,0
4277,5852,5864,0
4278,5840,5848,0
4279,5789,5836,0
4280,5914,5890,1
4281,5886,5895,0
4282,5896,5912,1
4283,5833,5849,1
4284,5885,5869,0
4285,5899,5827,1
4286,5861,5894,1
4287,5759,5911,0
4288,5876,5828,0
4289,5904,5866,1
4290,5736,5839,1
4291,5859,5893,0
4292,5862,5865,0
4293,5855,5905,0
4294,5907,5790,1
4295,5915,5846,0
4296,5879,5794,1
4297,5897,5909,1
4298,5796,5843,1
4299,5882,5910,0
4300,5859,5890,0
4301,5789,5832,0
4302,5830,5864,0
4303,5869,5843,1
4304,5896,5915,1
4305,5913,5892,0
4306,5914,5855,0
4307,5901,5903,0
4308,5816,5905,0
4309,5831,5828,1
4310,5898,5757,1
4311,5839,5802,0
4312,5876,5796,0
4313,5897,5842,0
4314,5881,5736,0
4315,5840,5639,0
4316,5790,5818,0
4317,5916,5882,1
4318,5889,5919,0
4319,5910,5895,0
4320,5819,5804,1
4321,5846,5748,1
4322,5904,5874,1
4323,5856,5902,0
4324,5865,5906,0
4325,5867,5723,1
4326,5826,5893,0
4327,5853,5917,1
4328,5872,5907,0
4329,5833,5880,0
4330,5866,5912,0
4331,5759,5740,1
4332,5841,5888,0
4333,5886,5877,0
4334,5873,5838,1
4335,5792,5800,1
4336,5909,5908,0
4337,5862,5875,0
4338,5801,5887,0
4339,5860,5820,0
4340,5827,5848,1
4341,5911,5861,1
4342,5878,5879,1
4343,5899,5918,1
4344,5885,5741,1
4345,5894,5849,1
4346,5794,5884,0
4347,5786,5868,0
4348,5891,5900,1
4349,5836,5852,0
4350,5804,5912,0
4351,5849,5816,0
4352,5839,5893,0
4353,5840,5903,0
4354,5895,5897,1
4355,5884,5836,1
4356,5853,5789,1
4357,5794,5832,0
4358,5818,5859,1
4359,5904,5878,1
4360,5919,5759,1
4361,5830,5843,1
4362,5865,5864,0
4363,5736,5866,1
4364,5828,5915,1
4365,5741,5907,0
4366,5906,5855,0
4367,5833,5841,1
4368,5792,5890,0
4369,5867,5909,1
4370,5757,5826,0
4371,5916,5868,0
4372,5831,5801,1
4373,5881,5639,1
4374,5846,5900,1
4375,5913,5748,0
4376,5874,5917,1
4377,5891,5848,0
4378,5796,5911,0
4379,5873,5838,1
4380,5876,5877,0
4381,5882,5860,1
4382,5914,5872,1
4383,5861,5856,0
4384,5908,5888,0
4385,5892,5827,1
4386,5820,5852,0
4387,5918,5723,1
4388,5800,5875,0
4389,5889,5899,1
4390,5902,5740,1
4391,5786,5886,1
4392,5790,5910,0
4393,5898,5894,1
4394,5879,5869,0
4395,5905,5862,1
4396,5896,5885,1
4397,5802,5880,1
4398,5842,5887,0
4399,5819,5901,1
4400,5892,5898,0
4401,5877,5867,1
4402,5639,5852,0
4403,5860,5859,0
4404,5908,5893,0
4405,5748,5894,1
4406,5836,5864,0
4407,5796,5917,1
4408,5816,5801,1
4409,5818,5830,1
4410,5878,5880,0
4411,5800,5907,0
4412,5876,5914,0
4413,5900,5913,0
4414,5889,5862,1
4415,5881,5904,0
4416,5723,5846,0
4417,5840,5895,0
4418,5918,5902,0
4419,5888,5741,1
4420,5903,5841,1
4421,5882,5899,0
4422,5897,5886,0
4423,5853,5873,0
4424,5901,5820,1
4425,5866,5740,0
4426,5736,5891,1
4427,5759,5865,1
4428,5819,5912,1
4429,5831,5919,0
4430,5879,5874,0
4431,5909,5910,0
4432,5868,5848,1
4433,5905,5884,1
4434,5828,5869,0
4435,5872,5855,0
4436,5875,5896,0
4437,5790,5826,0
4438,5833,5802,0
4439,5839,5887,0
4440,5757,5842,0
4441,5849,5861,0
4442,5832,5915,1
4443,5843,5885,0
4444,5786,5906,1
4445,5890,5804,1
4446,5794,5916,0
4447,5792,5827,1
4448,5911,5838,1
4449,5856,5789,1
4450,5869,5800,1
4451,5836,5794,1
4452,5878,5864,0
4453,5840,5895,0
4454,5876,5891,1
4455,5846,5901,0
4456,5848,5842,1
4457,5884,5904,0
4458,5896,5801,1
4459,5881,5786,1
4460,5849,5898,0
4461,5866,5723,1
4462,5890,5886,1
4463,5859,5843,1
4464,5839,5888,0
4465,5885,5910,0
4466,5816,5897,1
4467,5740,5899,0
4468,5917,5875,0
4469,5736,5841,1
4470,5873,5867,0
4471,5874,5915,1
4472,5879,5802,0
4473,5827,5832,1
4474,5902,5759,1
4475,5757,5918,0
4476,5789,5907,0
4477,5880,5855,0
4478,5887,5919,0
4479,5872,5868,0
4480,5860,5914,0
4481,5903,5877,0
4482,5853,5913,1
4483,5889,5639,1
4484,5862,5908,0
4485,5830,5828,1
4486,5909,5865,0
4487,5792,5833,1
4488,5916,5856,1
4489,5894,5893,0
4490,5905,5790,1
4491,5906,5861,1
4492,5796,5911,0
4493,5748,5820,0
4494,5852,5831,0
4495,5882,5826,1
4496,5892,5804,1
4497,5818,5741,1
4498,5900,5819,0
4499,5912,5838,1
4500,5874,5838,1
4501,5804,5886,1
4502,5904,5741,1
4503,5796,5887,1
4504,5905,5848,1
4505,5892,5875,1
4506,5855,5879,1
4507,5869,5748,1
4508,5864,5723,1
4509,5861,5893,0
4510,5800,5889,0
4511,5856,5842,1
4512,5828,5841,1
4513,5907,5915,1
4514,5846,5740,1
4515,5818,5881,1
4516,5839,5827,0
4517,5865,5802,0
4518,5906,5866,1
4519,5876,5849,1
4520,5885,5902,0
4521,5882,5918,0
4522,5916,5890,1
4523,5897,5759,0
4524,5911,5899,1
4525,5877,5872,1
4526,5891,5908,0
4527,5789,5792,0
4528,5794,5859,0
4529,5895,5909,1
4530,5801,5919,0
4531,5917,5880,0
4532,5831,5894,1
4533,5862,5873,0
4534,5832,5820,0
4535,5888,5900,1
4536,5830,5860,1
4537,5852,5757,1
4538,5901,5914,0
4539,5816,5833,1
4540,5639,5826,0
4541,5910,5884,1
4542,5790,5898,0
4543,5878,5912,0
4544,5786,5867,0
4545,5896,5853,1
4546,5913,5819,0
4547,5843,5836,0
4548,5903,5868,0
4549,5840,5736,0
4550,5820,5887,0
4551,5914,5903,1
4552,5796,5911,0
4553,5907,5906,1
4554,5833,5895,0
4555,5901,5736,0
4556,5839,5859,0
4557,5789,5853,0
4558,5890,5884,1
4559,5894,5909,1
4560,5757,5889,0
4561,5876,5867,0
4562,5893,5882,1
4563,5838,5866,1
4564,5804,5910,0
4565,5877,5892,1
4566,5888,5899,0
4567,5639,5878,0
4568,5912,5740,1
4569,5898,5836,1
4570,5886,5741,1
4571,5869,5855,0
4572,5904,5917,1
4573,5908,5748,1
4574,5879,5864,0
4575,5792,5832,1
4576,5830,5900,1
4577,5801,5862,0
4578,5896,5872,1
4579,5790,5794,0
4580,5818,5856,1
4581,5800,5786,0
4582,5861,5902,0
4583,5874,5827,1
4584,5881,5915,1
4585,5826,5841,1
4586,5875,5918,1
4587,5723,5891,0
4588,5828,5816,0
4589,5852,5860,1
4590,5913,5848,0
4591,5873,5842,1
4592,5880,5802,0
4593,5897,5843,1
4594,5905,5919,1
4595,5819,5849,1
4596,5885,5916,0
4597,5840,5868,0
4598,5759,5846,1
4599,5865,5831,0
4600,5918,5901,0
4601,5907,5757,1
4602,5801,5905,0
4603,5879,5894,1
4604,5882,5881,0
4605,5826,5906,0
4606,5741,5865,0
4607,5819,5856,1
4608,5886,5802,0
4609,5804,5830,0
4610,5884,5820,1
4611,5892,5866,1
4612,5914,5740,1
4613,5842,5849,1
4614,5800,5909,0
4615,5889,5790,1
4616,5898,5869,0
4617,5893,5913,1
4618,5852,5828,0
4619,5859,5897,1
4620,5831,5639,1
4621,5890,5832,1
4622,5864,5792,1
4623,5885,5875,0
4624,5816,5827,1
4625,5860,5896,0
4626,5840,5872,0
4627,5917,5916,0
4628,5846,5876,0
4629,5843,5796,0
4630,5874,5868,0
4631,5902,5862,1
4632,5880,5919,0
4633,5903,5786,1
4634,5867,5736,0
4635,5848,5794,1
4636,5900,5855,0
4637,5861,5818,0
4638,5873,5911,0
4639,5789,5908,0
4640,5891,5887,0
4641,5838,5841,1
4642,5748,5836,0
4643,5877,5904,1
4644,5833,5915,1
4645,5912,5839,1
4646,5899,5878,1
4647,5910,5759,1
4648,5888,5853,0
4649,5895,5723,1
4650,5873,5916,1
4651,5723,5862,0
4652,5838,5903,0
4653,5904,5878,1
4654,5905,5891,1
4655,5898,5839,1
4656,5880,5884,0
4657,5895,5639,1
4658,5887,5846,1
4659,5819,5801,1
4660,5796,5802,0
4661,5856,5826,1
4662,5882,5888,0
4663,5875,5830,0
4664,5741,5879,0
4665,5820,5833,1
4666,5859,5827,1
4667,5864,5894,1
4668,5789,5740,0
4669,5836,5914,0
4670,5899,5890,1
4671,5818,5896,0
4672,5848,5861,0
4673,5872,5889,0
4674,5816,5912,0
4675,5892,5915,1
4676,5832,5852,0
4677,5908,5849,1
4678,5794,5800,1
4679,5911,5897,1
4680,5913,5865,0
4681,5867,5868,0
4682,5907,5901,0
4683,5866,5840,1
4684,5828,5843,1
4685,5860,5919,0
4686,5881,5900,1
4687,5874,5893,1
4688,5918,5910,0
4689,5886,5885,0
4690,5841,5786,0
4691,5909,5855,0
4692,5757,5853,0
4693,5869,5831,0
4694,5917,5804,1
4695,5876,5902,0
4696,5736,5906,1
4697,5748,5790,1
4698,5877,5792,1
4699,5759,5842,1
4700,5723,5759,0
4701,5838,5884,0
4702,5913,5860,1
4703,5639,5919,0
4704,5908,5875,0
4705,5818,5891,1
4706,5802,5816,1
4707,5900,5866,0
4708,5904,5789,1
4709,5855,5741,1
4710,5907,5842,1
4711,5804,5895,0
4712,5912,5918,1
4713,5831,5843,1
4714,5889,5892,1
4715,5914,5794,1
4716,5910,5856,1
4717,5878,5882,1
4718,5905,5800,1
4719,5849,5917,0
4720,5916,5909,1
4721,5865,5888,0
4722,5736,5848,1
4723,5885,5840,1
4724,5877,5790,1
4725,5830,5839,1
4726,5915,5862,0
4727,5890,5827,1
4728,5894,5906,0
4729,5874,5867,0
4730,5846,5786,0
4731,5836,5903,0
4732,5879,5801,1
4733,5819,5897,1
4734,5868,5859,1
4735,5853,5820,1
4736,5886,5873,0
4737,5861,5852,0
4738,5893,5902,0
4739,5881,5832,1
4740,5901,5748,1
4741,5896,5887,1
4742,5828,5833,1
4743,5872,5869,0
4744,5880,5792,1
4745,5876,5911,0
4746,5826,5899,0
4747,5740,5841,1
4748,5898,5796,0
4749,5757,5864,0
4750,5723,5866,0
4751,5859,5868,0
4752,5899,5794,1
4753,5873,5736,0
4754,5816,5792,1
4755,5904,5849,1
4756,5905,5889,1
4757,5882,5801,1
4758,5867,5887,1
4759,5872,5909,1
4760,5891,5876,0
4761,5836,5740,1
4762,5748,5914,0
4763,5869,5886,1
4764,5856,5843,1
4765,5846,5842,1
4766,5894,5790,1
4767,5800,5639,0
4768,5901,5884,0
4769,5828,5907,0
4770,5890,5833,1
4771,5827,5841,1
4772,5802,5874,1
4773,5865,5855,0
4774,5903,5912,0
4775,5879,5853,0
4776,5893,5896,0
4777,5826,5919,0
4778,5741,5757,1
4779,5917,5916,0
4780,5832,5913,1
4781,5877,5796,1
4782,5862,5839,1
4783,5852,5819,0
4784,5910,5898,1
4785,5888,5880,1
4786,5911,5860,1
4787,5892,5895,0
4788,5881,5885,1
4789,5878,5831,0
4790,5902,5818,1
4791,5918,5786,1
4792,5804,5864,0
4793,5875,5789,1
4794,5820,5759,1
4795,5908,5915,1
4796,5830,5838,1
4797,5897,5848,0
4798,5906,5861,1
4799,5900,5840,1
4800,5874,5842,1
4801,5830,5875,1
4802,5909,5849,1
4803,5848,5836,0
4804,5843,5907,0
4805,5741,5860,1
4806,5898,5833,1
4807,5846,5723,1
4808,5869,5917,1
4809,5828,5905,0
4810,5820,5861,1
4811,5868,5893,1
4812,5884,5790,1
4813,5853,5877,0
4814,5639,5786,0
4815,5916,5818,1
4816,5873,5865,1
4817,5887,5862,1
4818,5794,5759,0
4819,5910,5802,1
4820,5900,5878,0
4821,5792,5880,0
4822,5867,5736,0
4823,5908,5915,1
4824,5888,5906,1
4825,5897,5901,0
4826,5911,5839,1
4827,5894,5904,0
4828,5902,5914,1
4829,5819,5896,0
4830,5740,5872,1
4831,5891,5892,0
4832,5889,5796,1
4833,5800,5899,0
4834,5895,5838,1
4835,5826,5852,0
4836,5885,5832,1
4837,5789,5903,0
4838,5801,5879,0
4839,5913,5912,0
4840,5864,5886,1
4841,5890,5881,1
4842,5856,5748,1
4843,5855,5918,1
4844,5859,5757,1
4845,5827,5876,0
4846,5804,5866,1
4847,5840,5919,0
4848,5841,5831,0
4849,5882,5816,0
4850,5867,5740,1
4851,5897,5893,0
4852,5856,5913,1
4853,5898,5826,1
4854,5866,5916,0
4855,5846,5900,1
4856,5884,5882,1
4857,5741,5887,0
4858,5796,5905,0
4859,5794,5896,0
4860,5736,5889,1
4861,5833,5908,0
4862,5852,5881,0
4863,5901,5818,0
4864,5820,5840,1
4865,5895,5759,1
4866,5842,5831,0
4867,5885,5873,0
4868,5639,5855,0
4869,5757,5819,0
4870,5894,5792,0
4871,5848,5880,0
4872,5790,5868,0
4873,5843,5888,0
4874,5838,5860,1
4875,5853,5786,1
4876,5748,5841,1
4877,5911,5902,0
4878,5861,5869,0
4879,5918,5828,0
4880,5859,5804,0
4881,5907,5872,1
4882,5827,5919,0
4883,5839,5909,0
4884,5886,5874,0
4885,5890,5816,1
4886,5904,5915,1
4887,5877,5832,1
4888,5789,5892,0
4889,5830,5875,1
4890,5917,5879,1
4891,5910,5906,1
4892,5891,5864,0
4893,5912,5899,1
4894,5878,5862,1
4895,5801,5836,0
4896,5865,5914,0
4897,5903,5876,1
4898,5800,5802,0
4899,5723,5849,1
4900,5802,5875,1
4901,5916,5887,1
4902,5748,5861,0
4903,5868,5831,1
4904,5909,5903,0
4905,5873,5800,1
4906,5789,5801,0
4907,5919,5886,1
4908,5898,5905,0
4909,5867,5849,1
4910,5913,5860,1
4911,5832,5879,0
4912,5757,5894,0
4913,5904,5896,0
4914,5786,5794,1
4915,5840,5902,0
4916,5874,5843,1
4917,5828,5872,1
4918,5900,5876,0
4919,5736,5917,1
4920,5888,5893,1
4921,5891,5740,1
4922,5846,5881,0
4923,5884,5866,1
4924,5853,5890,0
4925,5877,5880,1
4926,5856,5915,1
4927,5792,5892,0
4928,5882,5820,0
4929,5914,5897,1
4930,5918,5869,0
4931,5862,5848,0
4932,5906,5842,1
4933,5827,5889,0
4934,5911,5759,1
4935,5852,5833,1
4936,5864,5910,0
4937,5639,5796,0
4938,5885,5855,0
4939,5859,5865,1
4940,5901,5723,1
4941,5836,5819,0
4942,5790,5818,0
4943,5838,5741,1
4944,5816,5908,1
4945,5899,5839,1
4946,5878,5841,1
4947,5826,5907,0
4948,5895,5830,1
4949,5804,5912,0
